Name,Type,Foundation,Price,Size,Length,Width,Bedrooms,Bathrooms,Lofts,Misc,Location,Link,City,State,Country,Days on site,Number of views,Times dreamlisted
24ft Betty Tiny Home on Wheels,Tiny House,Mobile,29500,258.0,24.0,8.0,1.0,1.0,2.0,New,"Otay, California, United States",https://tinyhouselistings.com/listings/24ft-betty-tiny-home-on-wheels,Otay,California,United States,0.0,0.0,
The Opulence - Beautiful Tiny House For Sale,Tiny House,Mobile,77900,238.0,28.0,8.5,0.0,1.0,1.0,Delivery Available,"Boise, Idaho, United States",https://tinyhouselistings.com/listings/the-opulence-beautiful-tiny-house-for-sale,Boise,Idaho,United States,0.0,0.0,1.0
The Homestead 28' Tiny Home,Tiny House,Mobile,36500,260.0,28.0,12.0,1.0,1.0,1.0,New,"Ironton, Ohio, United States",https://tinyhouselistings.com/listings/the-homestead-28-tiny-home,Ironton,Ohio,United States,0.0,0.0,1.0
FOR SALE: Beautiful 24ft THOW - RIVA - Deck & Shed Included,Tiny House,Mobile,70000,192.0,24.0,8.0,1.0,1.0,2.0,Dual Lofts,"Mills River, North Carolina, United States",https://tinyhouselistings.com/listings/for-sale-beautiful-24ft-thow-riva-deck-shed-included,Mills River,North Carolina,United States,2.0,0.0,33.0
"Tiny House - Dual Loft, Heating and Cooling, Composting Toilet, 24"" Trailer",Tiny House,Mobile,55000,192.0,24.0,8.0,1.0,1.0,2.0,Dual Lofts,"Jordan, Minnesota, United States",https://tinyhouselistings.com/listings/tiny-house-dual-loft-heating-and-cooling-composting-toilet-24-trailer,Jordan,Minnesota,United States,2.0,0.0,18.0
Step Van Stealth Camper Tiny House,Converted Bus,Mobile,19995,140.0,26.0,7.0,1.0,1.0,0.0,Used,"Bartow, Florida, United States",https://tinyhouselistings.com/listings/step-van-stealth-camper-tiny-house,Bartow,Florida,United States,3.0,0.0,24.0
"Off-Grid Tiny House, 2+ Acres, 4 Cabins",Tiny House,Mobile,105000,238.0,28.0,8.5,5.0,3.0,1.0,Comes With Land,"Riegelwood, North Carolina, United States",https://tinyhouselistings.com/listings/off-grid-tiny-house-2-acres-4-cabins,Riegelwood,North Carolina,United States,3.0,0.0,32.0
"Insulated, 7.5' headroom, self-sufficient motorhome 2005 Alfa Gold",RV,Mobile,62000,370.0,40.0,8.5,1.0,1.0,0.0,Delivery Available,"Portland, Oregon, United States",https://tinyhouselistings.com/listings/insulated-7-5-headroom-self-sufficient-alfa-gold-motorhome,Portland,Oregon,United States,2.0,0.0,11.0
Modern Minimalist Tiny Home - Move-In Ready,Tiny House,Mobile,50000,192.0,24.0,8.0,1.0,1.0,1.0,Used,"Boise, Idaho, United States",https://tinyhouselistings.com/listings/modern-minimalist-tiny-home-move-in-ready,Boise,Idaho,United States,3.0,0.0,75.0
Hand Crafted Gypsy Vardo Style Camping Caravan,Tiny House,Mobile,13999,49.0,15.0,8.0,1.0,0.0,1.0,New,"Redlands, California, United States",https://tinyhouselistings.com/listings/hand-crafted-gypsy-vardo-style-camping-caravan,Redlands,California,United States,3.0,0.0,15.0
Roomy 375 sq. ft Tiny Home For Sale,Tiny House,Mobile,33000,375.0,29.0,12.0,0.0,1.0,2.0,Used,"Canton, North Carolina, United States",https://tinyhouselistings.com/listings/roomy-375-sq-ft-tiny-home-for-sale,Canton,North Carolina,United States,4.0,0.0,19.0
NEW Craftsman style 24 foot tiny home,Tiny House,Mobile,62900,314.0,,,2.0,1.0,2.0,Delivery Available,"Blountville, Tennessee, United States",https://tinyhouselistings.com/listings/new-craftsman-style-24-foot-tiny-home,Blountville,Tennessee,United States,4.0,0.0,89.0
"Modern Tiny House w/ Loft, Kitchenette, Full Bath",Tiny House,Stationary,28000,160.0,16.0,10.0,1.0,1.0,1.0,New,"San Diego, California, United States",https://tinyhouselistings.com/listings/modern-tiny-house-w-loft-kitchenette-full-bath,San Diego,California,United States,5.0,0.0,62.0
Beautiful Tiny House on Wheels - Move-in Ready - Natural Pine Interior,Tiny House,Mobile,65000,208.0,26.0,8.0,1.0,1.0,1.0,Delivery Available,"Frankenmuth, Michigan, United States",https://tinyhouselistings.com/listings/beautiful-tiny-house-on-wheels-move-in-ready-natural-pine-interior,Frankenmuth,Michigan,United States,5.0,0.0,48.0
Partially Build Tiny House (Updated with new Pictures Mar 14th),Tiny House,Mobile,17000,418.0,40.0,11.0,0.0,1.0,1.0,Used,"Saratoga, California, United States",https://tinyhouselistings.com/listings/partially-build-tiny-house,Saratoga,California,United States,6.0,0.0,9.0
1971 Vintage Sero Scotty Sportsman Trunkback Travel Trailer,Camper,Mobile,10000,126.0,18.0,7.0,1.0,1.0,0.0,Delivery Available,"Flagstaff, Arizona, United States",https://tinyhouselistings.com/listings/1971-vintage-sero-scotty-sportsman-trunkback-travel-trailer,Flagstaff,Arizona,United States,6.0,0.0,40.0
Remodeled Lake Cabin,Tiny House,Stationary,35000,640.0,32.0,20.0,1.0,1.0,0.0,Square Feet,"Harrison, Tennessee, United States",https://tinyhouselistings.com/listings/remodeled-lake-cabin,Harrison,Tennessee,United States,6.0,0.0,42.0
On/Off Grid Mobile Bathroom,Other,Stationary,14900,35.0,7.5,4.5,0.0,1.0,0.0,New,"Parker, Colorado, United States",https://tinyhouselistings.com/listings/on-off-grid-mobile-bathroom-other-stationary,Parker,Colorado,United States,6.0,0.0,3.0
Custom Built Minimalist Tiny Home,Tiny House,Mobile,53700,170.0,20.0,8.5,1.0,1.0,0.0,Delivery Available,"Chattanooga, Tennessee, United States",https://tinyhouselistings.com/listings/custom-built-minimalist-tiny-home-by-wind-river-tiny-homes,Chattanooga,Tennessee,United States,7.0,0.0,9.0
Best Quality Tiny House in Progress,Tiny House,Mobile,49900,221.0,26.0,8.5,1.0,1.0,2.0,New,"Ft. Piece, Florida, United States",https://tinyhouselistings.com/listings/best-quality-tiny-house-in-progress,Ft. Piece,Florida,United States,5.0,0.0,26.0
Delightful 16' Tiny House with Parking!!!,Tiny House,Mobile,35000,136.0,16.0,8.48,1.0,1.0,2.0,Comes With Land,"Mills River, North Carolina, United States",https://tinyhouselistings.com/listings/delightful-16-tiny-house-with-parking,Mills River,North Carolina,United States,7.0,0.0,75.0
Used Air Bnb Container Home,Container Home,Stationary,67000,320.0,40.0,8.0,2.0,1.0,0.0,Used,"Elwood, Utah, United States",https://tinyhouselistings.com/listings/used-air-bnb-container-home-container_home,Elwood,Utah,United States,8.0,0.0,64.0
Used Air Bnb Container Home,Container Home,Stationary,70000,320.0,40.0,8.0,2.0,1.0,0.0,Used,"Elwood, Utah, United States",https://tinyhouselistings.com/listings/used-air-bnb-container-home,Elwood,Utah,United States,8.0,0.0,25.0
Premium New Tiny House/Home on Wheels for Sale!,Tiny House,Mobile,43900,160.0,20.0,8.0,0.0,1.0,2.0,Delivery Available,"Houston, Texas, United States",https://tinyhouselistings.com/listings/premium-new-tiny-house-home-on-wheels-for-sale,Houston,Texas,United States,8.0,0.0,44.0
"Handcrafted mobile tiny home. Artisan windows, 2 Lofts, all wood interior, skylight",Tiny House,Mobile,29500,192.0,24.0,8.0,0.0,0.0,2.0,Used,"Creswell, Oregon, United States",https://tinyhouselistings.com/listings/handcrafted-mobile-tiny-home-artisan-windows-2-lofts-all-wood-interior-skylight,Creswell,Oregon,United States,8.0,0.0,20.0
2019 Shipping Container Tiny Home on Wheels,Container Home,Mobile,40000,208.0,26.0,8.0,1.0,1.0,0.0,Square Feet,"Durham, North Carolina, United States",https://tinyhouselistings.com/listings/2019-shipping-container-tiny-home-on-wheels,Durham,North Carolina,United States,8.0,0.0,27.0
Tiny Home/Office Container,Container Home,Stationary,22000,160.0,20.0,8.0,0.0,0.0,0.0,Square Feet,"LOS ANGELES, California, United States",https://tinyhouselistings.com/listings/tiny-home-office-container,LOS ANGELES,California,United States,8.0,0.0,4.0
420sqf Buy direct @ wholesale pricing,Container Home,Mobile,19000,420.0,20.0,21.0,2.0,1.0,0.0,Delivery Available,"San Francisco, California, United States",https://tinyhouselistings.com/listings/420sqf-mobile-unit-buy-direct-wholesale-pricing,San Francisco,California,United States,9.0,0.0,50.0
Premium quality “container-like” tiny house. Best quality and safety.,Container Home,Mobile,28500,160.0,20.0,8.0,1.0,1.0,0.0,Delivery Available,"San Diego, California, United States",https://tinyhouselistings.com/listings/premium-quality-container-like-tiny-house-best-quality-and-safety,San Diego,California,United States,9.0,0.0,13.0
Tiny House,Tiny House,Mobile,35000,176.0,22.0,8.5,0.0,1.0,1.0,Square Feet,"Poway, California, United States",https://tinyhouselistings.com/listings/tiny-house-tiny_house-purchase,Poway,California,United States,10.0,0.0,12.0
24ft Tania Tiny Home on Wheels,Tiny House,Mobile,29500,280.0,24.0,8.0,2.0,1.0,2.0,Delivery Available,"Lakeside, California, United States",https://tinyhouselistings.com/listings/24ft-tania-tiny-home-on-wheels,Lakeside,California,United States,11.0,0.0,69.0
24ft Tania Tiny Home on Wheels,Tiny House,Mobile,29500,280.0,24.0,8.0,2.0,1.0,2.0,Delivery Available,"Lakeside, California, United States",https://tinyhouselistings.com/listings/20-ft-container-home-the-kerrville-model,Lakeside,California,United States,11.0,0.0,69.0
Tiny 2 room cabin shell with loft and porch!,Tiny House Shell,Mobile,11000,131.0,13.1,10.03,1.0,0.0,1.0,Used,"Cowpens, South Carolina, United States",https://tinyhouselistings.com/listings/tiny-2-room-cabin-shell-with-loft-and-porch-tiny_house_shell,Cowpens,South Carolina,United States,11.0,0.0,10.0
396 SqFt. Park Model,Park Model,Mobile,84000,396.0,38.0,12.0,2.0,1.0,1.0,Delivery Available,"Anacortes, Washington, United States",https://tinyhouselistings.com/listings/396-sqft-park-model-in-anacortes-wa,Anacortes,Washington,United States,10.0,0.0,112.0
"Luxury Modern Tiny House On Wheels 24x8'6""",Tiny House,Mobile,55000,204.0,24.0,8.6,1.0,1.0,0.0,New,"Staten Island, New York, United States",https://tinyhouselistings.com/listings/luxury-modern-tiny-house-on-wheels-24x8-6,Staten Island,New York,United States,11.0,0.0,71.0
"24' Tiny House Built by Owner, 11 Windows, Heated Floors, Shou Sugi Ban siding, Smart features",Tiny House,Mobile,75000,160.0,24.0,8.5,0.0,1.0,1.0,Used,"Fort Collins, Colorado, United States",https://tinyhouselistings.com/listings/24-tiny-house-built-by-owner-11-windows-heated-floors-shou-sugi-ban-siding-smart-features,Fort Collins,Colorado,United States,12.0,0.0,49.0
"1965 Airstream Safari Newly Updated, Ready to Go",Camper,Mobile,39500,160.0,20.0,8.0,1.0,1.0,0.0,Delivery Available,"Laguna Beach, California, United States",https://tinyhouselistings.com/listings/1965-airstream-safari-newly-updated-ready-to-go,Laguna Beach,California,United States,12.0,0.0,32.0
Modern Tiny Inn,Camper,Mobile,28000,218.0,26.0,8.4,1.0,1.0,0.0,Used,"Boaz, Alabama, United States",https://tinyhouselistings.com/listings/modern-tin-inn,Boaz,Alabama,United States,13.0,0.0,114.0
Spare bedroom or home office,Container Home,Stationary,9950,80.0,10.0,8.0,1.0,0.0,0.0,New,"San Diego, California, United States",https://tinyhouselistings.com/listings/spare-bedroom-or-home-office,San Diego,California,United States,13.0,0.0,5.0
"Livable, Moveable & Affordable Tiny Homes - Delivery & Financing Available",Tiny House,Mobile,23500,160.0,20.0,8.0,1.0,1.0,1.0,Delivery Available,"Englewood, Colorado, United States",https://tinyhouselistings.com/listings/livable-moveable-affordable-tiny-homes-delivery-financing-available,Englewood,Colorado,United States,13.0,0.0,107.0
Gorgeous custom big tiny home!,Tiny House,Mobile,96000,360.0,30.0,12.0,1.0,1.0,1.0,New,"Ft Collins, Colorado, United States",https://tinyhouselistings.com/listings/gorgeous-custom-big-tiny-home,Ft Collins,Colorado,United States,13.0,0.0,36.0
Your Next Adventure Bus,Converted Bus,Mobile,20000,80.0,22.0,8.0,1.0,0.0,0.0,Square Feet,"Sacramento, California, United States",https://tinyhouselistings.com/listings/your-next-adventure-bus,Sacramento,California,United States,14.0,0.0,27.0
Premium New Tiny Houses/Homes on Wheels for Sale!,Tiny House,Mobile,44900,160.0,20.0,8.0,0.0,1.0,2.0,Delivery Available,"Houston, Texas, United States",https://tinyhouselistings.com/listings/premium-tiny-houses-homes-on-wheels-for-sale,Houston,Texas,United States,14.0,0.0,55.0
"Cozy, Move In Ready -26 Ft. Tiny House on Wheels",Tiny House,Mobile,49000,200.0,26.0,8.5,0.0,1.0,2.0,Dual Lofts,"Colorado Springs , Colorado, United States",https://tinyhouselistings.com/listings/26-ft-tiny-house-on-wheels,Colorado Springs ,Colorado,United States,14.0,0.0,102.0
18 ft tiny house,Tiny House,Mobile,45000,240.0,18.0,8.0,0.0,1.0,1.0,Square Feet,"Front Royal, Virginia, United States",https://tinyhouselistings.com/listings/tiny_house-0ba6758c-646f-4c2c-ab16-8a47a08143b8,Front Royal,Virginia,United States,15.0,0.0,8.0
Tiny House On Wheels,Tiny House,Mobile,22500,144.0,18.0,8.0,1.0,1.0,2.0,Used,"Cedar Creek, Texas, United States",https://tinyhouselistings.com/listings/tiny-house-on-wheels-61521fe9-e4ab-4e84-b706-3d36d2f89c92,Cedar Creek,Texas,United States,15.0,0.0,30.0
20' Mobile Off Grid Cargo Container Bunkhouse,Container Home,Mobile,75000,160.0,20.0,8.0,1.0,1.0,0.0,New,"Elwood, Utah, United States",https://tinyhouselistings.com/listings/20-mobile-off-grid-cargo-container-bunkhouse,Elwood,Utah,United States,15.0,0.0,46.0
40' Double Wide Off Grid Container Home,Container Home,Stationary,140000,640.0,40.0,16.0,1.0,1.0,0.0,New,"Elwood, Utah, United States",https://tinyhouselistings.com/listings/40-double-wide-off-grid-container-home,Elwood,Utah,United States,15.0,0.0,18.0
Beautifully-Simple Tiny House For Simple Living,Tiny House,Mobile,43950,160.0,20.0,8.0,1.0,1.0,1.0,Delivery Available,"Ringgold, Georgia, United States",https://tinyhouselistings.com/listings/beautifully-simple-tiny-house-for-simple-living,Ringgold,Georgia,United States,16.0,0.0,54.0
Tiny House on wheels 20' Complete 208 sq ft. (100% Off -Grid Model available),Tiny House,Mobile,37999,208.0,20.0,8.0,1.0,1.0,1.0,New,"Madison, Georgia, United States",https://tinyhouselistings.com/listings/tiny-house-on-wheels-20-complete-208-sq-ft-100-off-grid-model-available-tiny_house,Madison,Georgia,United States,16.0,0.0,79.0
Custom Tiny Homes for sale,Tiny House,Mobile,30000,248.0,20.0,102.0,1.0,1.0,1.0,Delivery Available,"Cottonwood, California, United States",https://tinyhouselistings.com/listings/custom-tiny-homes-for-sale,Cottonwood,California,United States,16.0,0.0,81.0
New Micro Tiny House With Everything Needed To Live Tiny,Tiny House,Mobile,37000,112.0,14.0,8.0,1.0,0.0,0.0,Delivery Available,"Spring City, Tennessee, United States",https://tinyhouselistings.com/listings/new-micro-tiny-house-with-everything-needed-to-live-tiny,Spring City,Tennessee,United States,16.0,0.0,66.0
"Super Affordable, Queen Loft, Flush toilet - Delivery Available",Tiny House,Mobile,27000,128.0,16.0,8.0,1.0,1.0,1.0,Delivery Available,"Taylors, South Carolina, United States",https://tinyhouselistings.com/listings/super-affordable-queen-loft-flush-toilet-delivery-available,Taylors,South Carolina,United States,16.0,0.0,86.0
Container Home LA,Container Home,Stationary,35000,160.0,20.0,8.0,1.0,1.0,1.0,Comes With Land,"Los Angeles , California, United States",https://tinyhouselistings.com/listings/container-home-la,Los Angeles ,California,United States,16.0,0.0,9.0
Cedar retreat,Other,Mobile,32500,160.0,24.0,8.5,0.0,1.0,0.0,New,"Chehalis, Washington, United States",https://tinyhouselistings.com/listings/cedar-retreat,Chehalis,Washington,United States,17.0,0.0,23.0
Beautiful Remodeled Modern Off Grid Ready Stealth Converted White Utility Cargo Trailer w. Heat & A/C (72 SF),Camper,Mobile,15999,72.0,12.0,6.0,1.0,1.0,0.0,Used,"Virginia Beach, Virginia, United States",https://tinyhouselistings.com/listings/beautiful-remodeled-modern-off-grid-ready-stealth-converted-white-utility-cargo-trailer,Virginia Beach,Virginia,United States,17.0,0.0,50.0
Go Tiny in Colorado!,Tiny House,Mobile,24500,100.0,12.0,8.5,1.0,1.0,1.0,Used,"Eldorado Springs, Colorado, United States",https://tinyhouselistings.com/listings/go-tiny-in-colorado,Eldorado Springs,Colorado,United States,10.0,0.0,26.0
Go Tiny in Colorado!,Tiny House,Mobile,24500,100.0,12.0,8.5,1.0,1.0,1.0,Used,"Eldorado Springs, Colorado, United States",https://tinyhouselistings.com/listings/nicely-remodeled-40-converted-school-bus,Eldorado Springs,Colorado,United States,10.0,0.0,26.0
"Rustic, Tiny Home with Recycled Materials",Tiny House Shell,Mobile,22000,207.0,28.0,8.0,2.0,1.0,2.0,New,"RAVENNA, Ohio, United States",https://tinyhouselistings.com/listings/rustic-tiny-home-with-recycled-materials,RAVENNA,Ohio,United States,18.0,0.0,59.0
Brand New Container Home- Porcelain flooring,Container Home,Mobile,25000,160.0,20.0,8.0,1.0,1.0,0.0,Delivery Available,"Long Beach, California, United States",https://tinyhouselistings.com/listings/modern-european-style-container-house-container_home,Long Beach,California,United States,18.0,0.0,35.0
24ft Dream Tiny House on Wheels,Tiny House,Mobile,63000,200.0,24.0,8.0,1.0,1.0,1.0,Used,"Flagstaff, Arizona, United States",https://tinyhouselistings.com/listings/24ft-eco-friendly-tiny-house-on-wheels,Flagstaff,Arizona,United States,18.0,0.0,106.0
Beautiful Custom Tiny House Built For Family,Park Model,Mobile,130000,238.0,28.0,9.5,2.0,1.0,2.0,Delivery Available,"Olympia, Washington, United States",https://tinyhouselistings.com/listings/beautiful-custom-tiny-house-built-for-family,Olympia,Washington,United States,20.0,0.0,150.0
40k Sci-fi Container Home,Container Home,Mobile,40000,320.0,40.0,8.0,1.0,1.0,0.0,New,"Iowa, Louisiana, United States",https://tinyhouselistings.com/listings/40k-sci-fi-container-home,Iowa,Louisiana,United States,20.0,0.0,60.0
Too Good to Be True? Charming Tiny House with Parking!!!,Tiny House,Mobile,47000,124.0,14.5,8.5,1.0,1.0,1.0,Comes With Land,"Durango, Colorado, United States",https://tinyhouselistings.com/listings/tiny_house-53d1adc4-47a9-401e-bc7b-01d6585f5589,Durango,Colorado,United States,23.0,0.0,108.0
24' Big Little Barn -- Customized Tiny House on Wheels,Tiny House,Mobile,60000,180.0,24.0,9.5,0.0,1.0,2.0,Used,"Bellingham, Washington, United States",https://tinyhouselistings.com/listings/24-big-little-barn-customized-tiny-house-on-wheels,Bellingham,Washington,United States,24.0,0.0,76.0
Island Cove Park-A Mobile & Tiny Home Community -Space for Rent,Parking,Mobile,600,0.0,,,0.0,0.0,0.0,Square Feet,"Durango, Colorado, United States",https://tinyhouselistings.com/listings/island-cove-park-a-mobile-tiny-home-community-space-for-rent,Durango,Colorado,United States,23.0,0.0,22.0
2010 Arboc Bus - Tiny House Hopeful,Camper,Mobile,12000,192.0,24.0,8.0,0.0,0.0,0.0,Delivery Available,"Dallas, Texas, United States",https://tinyhouselistings.com/listings/2010-arboc-bus-tiny-house-hopeful,Dallas,Texas,United States,24.0,0.0,21.0
Tiny House/Office Space/Guest Room,Tiny House,Mobile,15000,69.0,10.0,8.5,1.0,0.0,1.0,Delivery Available,"Craftsbury Common, Vermont, United States",https://tinyhouselistings.com/listings/tiny-house-office-space-guest-room,Craftsbury Common,Vermont,United States,23.0,0.0,27.0
36' Luxury Modern Tiny House on Wheels,Tiny House,Mobile,120000,288.0,36.0,8.5,2.0,1.0,2.0,Used,"Feura Bush, New York, United States",https://tinyhouselistings.com/listings/36-luxury-modern-tiny-house-on-wheels,Feura Bush,New York,United States,26.0,0.0,165.0
Off Grid Craftsman Tiny House,Tiny House,Mobile,35000,160.0,19.96,8.0,0.0,1.0,0.0,Used,"Beaumont, Kansas, United States",https://tinyhouselistings.com/listings/off-grid-craftsman-tiny-house,Beaumont,Kansas,United States,26.0,0.0,54.0
Homestead Tiny House Set The Bar For Awesomeness,Tiny House,Mobile,118000,315.0,32.0,8.5,1.0,1.0,1.0,Delivery Available,"Columbus, Ohio, United States",https://tinyhouselistings.com/listings/homestead-tiny-house-set-the-bar-for-awesomeness,Columbus,Ohio,United States,27.0,0.0,127.0
New 20ft Tiny House with covered porch,Tiny House,Mobile,50000,160.0,20.0,8.5,1.0,1.0,2.0,New,"Unity, New Hampshire, United States",https://tinyhouselistings.com/listings/new-20ft-tiny-house-with-covered-porch,Unity,New Hampshire,United States,27.0,0.0,8.0
Sea Breeze 20' Tiny House,Tiny House,Mobile,55000,170.0,20.0,8.5,1.0,1.0,1.0,Used,"Thermal, California, United States",https://tinyhouselistings.com/listings/sea-breeze-20-tiny-house-tiny_house,Thermal,California,United States,28.0,0.0,56.0
This Converted Bus Has It All,Converted Bus,Mobile,87000,30.0,8.0,240.0,1.0,1.0,0.0,Delivery Available,"Boise, Idaho, United States",https://tinyhouselistings.com/listings/this-converted-bus-has-it-all,Boise,Idaho,United States,28.0,0.0,55.0
Luxurious Farmhouse Container,Container Home,Mobile,74000,240.0,30.0,8.0,1.0,1.0,0.0,Delivery Available,"Queen Creek, Arizona, United States",https://tinyhouselistings.com/listings/luxurious-farmhouse-container-container_home,Queen Creek,Arizona,United States,28.0,0.0,167.0
"Beautiful 30' Tiny Home, never lived in",Tiny House,Mobile,75000,340.0,30.0,8.5,2.0,1.0,1.0,Delivery Available,"Carpinteria, California, United States",https://tinyhouselistings.com/listings/beautiful-30-tiny-home-never-lived-in-tiny_house,Carpinteria,California,United States,29.0,0.0,155.0
Beautiful 20' Container Home Ready To Be Shipped,Container Home,Mobile,36000,160.0,20.0,8.0,1.0,1.0,0.0,Delivery Available,"Redlands, California, United States",https://tinyhouselistings.com/listings/20-ft-high-cube-container-guest-house-container_home-mobile,Redlands,California,United States,29.0,0.0,72.0
Tiny cedar cabin on wheels,Tiny House,Mobile,65000,224.0,28.0,8.5,1.0,1.0,1.0,Used,"Portland, Oregon, United States",https://tinyhouselistings.com/listings/tiny-cedar-cabin-on-wheels,Portland,Oregon,United States,29.0,0.0,58.0
Custom Designed Mobile Tiny Home - Off Grid Ready,Tiny House,Mobile,80000,256.0,32.0,8.0,1.0,1.0,1.0,Delivery Available,"Durham, North Carolina, United States",https://tinyhouselistings.com/listings/custom-designed-mobile-tiny-home-off-grid-ready,Durham,North Carolina,United States,30.0,0.0,13.0
Custom Designed Mobile Tiny Home - Off Grid Ready,Tiny House,Mobile,80000,256.0,32.0,8.0,1.0,1.0,1.0,Delivery Available,"Durham, North Carolina, United States",https://tinyhouselistings.com/listings/30x12-luxury-tiny-addition-zoned-as-shed,Durham,North Carolina,United States,30.0,0.0,13.0
21' Converted Skoolie--2004 Ford E-450,Converted Bus,Mobile,48000,125.0,21.0,8.0,2.0,0.0,0.0,Square Feet,"Croton on Hudson, New York, United States",https://tinyhouselistings.com/listings/21-converted-skoolie-2004-ford-e-450,Croton on Hudson,New York,United States,32.0,0.0,74.0
Horse Trailer Conversion into a Gypsy Wagon,Camper,Mobile,9000,108.0,18.0,,1.0,1.0,0.0,Used,"FALLING WTRS, West Virginia, United States",https://tinyhouselistings.com/listings/gypsy-wagon-tiny_house_trailer-purchase,FALLING WTRS,West Virginia,United States,16.0,0.0,41.0
399 Sq ft Park Model/Tiny House with Parking!!!!!!,Park Model,Mobile,66000,399.0,26.0,15.0,1.0,1.0,1.0,Comes With Land,"Conroe, Texas, United States",https://tinyhouselistings.com/listings/399-sq-ft-park-model-tiny-house-with-parking,Conroe,Texas,United States,32.0,0.0,76.0
Custom Energy Efficient Tiny House - Off Grid Ready,Tiny House,Mobile,49000,192.0,24.0,8.0,0.0,1.0,1.0,Delivery Available,"Durham, North Carolina, United States",https://tinyhouselistings.com/listings/custom-energy-efficient-tiny-house-off-grid-ready,Durham,North Carolina,United States,34.0,0.0,29.0
Beautiful 28' Beachy Boho Tiny House for Sale,Tiny House,Mobile,99500,280.0,28.0,10.0,1.0,1.0,1.0,New,"Hamilton, Ontario, Canada",https://tinyhouselistings.com/listings/beachy-boho-tiny-house-for-sale,Hamilton,Ontario,Canada,35.0,0.0,101.0
320 SF New Construction Container Home,Container Home,Mobile,84600,320.0,40.0,8.0,1.0,1.0,0.0,Delivery Available,"Redlands, California, United States",https://tinyhouselistings.com/listings/320-sf-new-construction-container-home,Redlands,California,United States,36.0,0.0,92.0
Tiny Home Anana,Tiny House,Mobile,30000,200.0,32.0,8.5,2.0,2.0,1.0,Used,"Kissimmee, Florida, United States",https://tinyhouselistings.com/listings/tiny-home-anana,Kissimmee,Florida,United States,36.0,0.0,58.0
2020 Perch&Nest Roost12,Camper,Mobile,20000,84.0,12.0,7.0,1.0,1.0,0.0,New,"Winston Salem, North Carolina, United States",https://tinyhouselistings.com/listings/2020-perch-nest-roost12,Winston Salem,North Carolina,United States,37.0,0.0,64.0
Fully-Converted Diesel School Bus Home,Converted Bus,Mobile,29500,314.0,37.0,8.5,2.0,1.0,0.0,Delivery Available,"Brandon, South Dakota, United States",https://tinyhouselistings.com/listings/fully-converted-diesel-school-bus-home,Brandon,South Dakota,United States,38.0,0.0,137.0
Beautiful New Container Home For Sale,Container Home,Stationary,59000,320.0,40.0,8.0,1.0,1.0,0.0,New,"Liberty City, Texas, United States",https://tinyhouselistings.com/listings/beautiful-new-container-home-for-sale,Liberty City,Texas,United States,39.0,0.0,128.0
3 Bed 2 Bath Tiny Duplex,Tiny House,Mobile,27800,399.0,44.0,12.0,3.0,2.0,0.0,Delivery Available,"Kennesaw, Georgia, United States",https://tinyhouselistings.com/listings/3-bed-2-bath-tiny-duplex,Kennesaw,Georgia,United States,39.0,0.0,47.0
3 Bed 2 Bath Tiny Duplex,Tiny House,Mobile,27800,399.0,44.0,12.0,3.0,2.0,0.0,Delivery Available,"Kennesaw, Georgia, United States",https://tinyhouselistings.com/listings/beautiful-off-grid-skoolie-ready-to-roam,Kennesaw,Georgia,United States,39.0,0.0,47.0
Phoenix Arizona Tiny Homes,Tiny House,Mobile,50000,256.0,24.0,,1.0,1.0,1.0,Comes With Land,"Phoenix, Arizona, United States",https://tinyhouselistings.com/listings/phoenix-arizona-tiny-homes,Phoenix,Arizona,United States,4.0,0.0,16.0
Converted Skoolie with Solar Power - Ready for your Tiny Home Dreams - Crown Bus,Converted Bus,Mobile,27000,210.0,35.0,74.0,0.0,0.0,0.0,Square Feet,"Hayward, California, United States",https://tinyhouselistings.com/listings/converted-skoolie-with-solar-power-ready-for-your-tiny-home-dreams-crown-bus,Hayward,California,United States,39.0,0.0,41.0
Eco-friendly Tiny House with Modern Farmhouse Design,Tiny House,Mobile,75000,150.0,28.0,8.6,1.0,1.0,1.0,Used,"santa barbara, California, United States",https://tinyhouselistings.com/listings/eco-friendly-tiny-house-with-modern-farmhouse-design,santa barbara,California,United States,40.0,0.0,65.0
Waco Tiny House for Sale,Tiny House,Mobile,22000,192.0,18.0,8.0,0.0,1.0,1.0,Used,"Lorena, Texas, United States",https://tinyhouselistings.com/listings/waco-tiny-house-for-sale,Lorena,Texas,United States,40.0,0.0,31.0
"40’ Container- Walnut shelves, Ambrosia Maple Walls, Slate Tile Floor",Container Home,Stationary,29500,280.0,8.0,40.0,1.0,1.0,0.0,New,"Urbana, Illinois, United States",https://tinyhouselistings.com/listings/40-container-home-that-can-stay-on-land,Urbana,Illinois,United States,42.0,0.0,29.0
"40’ Container- Walnut shelves, Ambrosia Maple Walls, Slate Tile Floor",Container Home,Stationary,29500,280.0,8.0,40.0,1.0,1.0,0.0,New,"Urbana, Illinois, United States",https://tinyhouselistings.com/listings/8x24-tiny-home-on-wheels-new-and-amazing,Urbana,Illinois,United States,42.0,0.0,29.0
28’ Beautiful 100% Eco Tiny Home,Tiny House,Mobile,89000,240.0,28.0,8.5,3.0,1.0,2.0,New,"Ventura, California, United States",https://tinyhouselistings.com/listings/beautiful-100-eco-tiny-home,Ventura,California,United States,43.0,0.0,43.0
2.5 acre Off-Grid Lot with Epic Mountain Views for Tiny House or RV,Parking,Stationary,300,0.0,,,0.0,0.0,0.0,Comes With Land,"San Luis, Colorado, United States",https://tinyhouselistings.com/listings/2-5-acres-of-off-grid-land-with-epic-mountain-views-for-tiny-house-or-rv,San Luis,Colorado,United States,43.0,0.0,32.0
Tiny House Custom Built,Tiny House,Stationary,92000,602.0,29.0,14.0,1.0,1.0,1.0,Square Feet,"Winslow, Arkansas, United States",https://tinyhouselistings.com/listings/tiny-house-custom-built,Winslow,Arkansas,United States,43.0,0.0,67.0
Wearesimplehomes/Oz,Tiny House,Mobile,72000,256.0,32.0,8.6,1.0,1.0,0.0,Delivery Available,"San Luis Obispo, California, United States",https://tinyhouselistings.com/listings/wearesimplehomes,San Luis Obispo,California,United States,44.0,0.0,3.0
"200 sq. ft. Tiny Home w/ Full Bathroom, Kitchenette - Delivery & Inst. Included",Tiny House,Stationary,24000,200.0,20.0,10.0,1.0,1.0,0.0,New,"San Diego, California, United States",https://tinyhouselistings.com/listings/240-sq-ft-tiny-home-w-full-bathroom-kitchenette-delivery-inst-included,San Diego,California,United States,44.0,0.0,62.0
Fully Furnished Luxury- Lot Rent Option or Ship!,Tiny House,Mobile,55000,190.0,24.0,8.5,1.0,1.0,1.0,Delivery Available,"Gainesville, Florida, United States",https://tinyhouselistings.com/listings/fully-furnished-luxury-24-foot-tiny-house-on-wheels,Gainesville,Florida,United States,45.0,0.0,126.0
Fully Furnished Luxury- Lot Rent Option or Ship!,Tiny House,Mobile,55000,190.0,24.0,8.5,1.0,1.0,1.0,Delivery Available,"Gainesville, Florida, United States",https://tinyhouselistings.com/listings/charming-16-tiny-home-recently-renovated,Gainesville,Florida,United States,45.0,0.0,126.0
"Cedar/Metal Siding, Tankless Water Heater, W/D Combo",Tiny House,Mobile,44000,170.0,20.0,8.5,1.0,1.0,1.0,Delivery Available,"Taylors, South Carolina, United States",https://tinyhouselistings.com/listings/very-affordable-tiny-house-on-wheels-mobile,Taylors,South Carolina,United States,46.0,0.0,141.0
Modern Tiny Home OB-1,Tiny House,Mobile,39000,200.0,17.0,8.5,0.0,1.0,1.0,Delivery Available,"Palm Beach, Florida, United States",https://tinyhouselistings.com/listings/ob-1,Palm Beach,Florida,United States,42.0,0.0,33.0
"The Ultimate Adventure Bus, Ready For Adventure",Converted Bus,Mobile,35000,201.0,26.5,7.7,1.0,1.0,0.0,Delivery Available,"Richmond, Virginia, United States",https://tinyhouselistings.com/listings/the-ultimate-adventure-bus-ready-for-adventure,Richmond,Virginia,United States,46.0,0.0,41.0
"The Ultimate Adventure Bus, Ready For Adventure",Converted Bus,Mobile,35000,201.0,26.5,7.7,1.0,1.0,0.0,Delivery Available,"Richmond, Virginia, United States",https://tinyhouselistings.com/listings/tiny-house-on-wheels-for-sale-in-florida,Richmond,Virginia,United States,46.0,0.0,41.0
"Darling, Caboose-Style home with eco-features",Tiny House,Mobile,50000,390.0,24.0,12.0,1.0,1.0,1.0,Used,"Van Alstyne, Texas, United States",https://tinyhouselistings.com/listings/darling-caboose-style-home-with-eco-features,Van Alstyne,Texas,United States,49.0,0.0,44.0
"20 ft Container Home | ""The Dripping Springs"" Model",Container Home,Mobile,29500,135.0,20.0,8.0,0.0,1.0,0.0,Delivery Available,"Austin, Texas, United States",https://tinyhouselistings.com/listings/20-container-home-the-dripping-springs-model,Austin,Texas,United States,50.0,0.0,92.0
32' Beautiful Custom Tiny Smart Home,Tiny House,Mobile,95000,256.0,32.0,8.0,2.0,1.0,1.0,Delivery Available,"Menifee, California, United States",https://tinyhouselistings.com/listings/32-beautiful-custom-tiny-smart-home-tiny_house,Menifee,California,United States,50.0,0.0,131.0
Beautiful Bus Conversion,Converted Bus,Mobile,30000,100.0,14.0,8.0,1.0,1.0,0.0,Delivery Available,"Los Angeles, California, United States",https://tinyhouselistings.com/listings/beautiful-bus-conversion,Los Angeles,California,United States,51.0,0.0,78.0
Perfect PNW tiny house living!,Tiny House,Mobile,47040,336.0,28.0,12.0,1.0,1.0,1.0,New,"Anacortes, Washington, United States",https://tinyhouselistings.com/listings/perfect-pnw-tiny-house-living,Anacortes,Washington,United States,50.0,0.0,161.0
Dream Portable Tiny Home 12x20 Perfect,Tiny House,Stationary,22000,240.0,20.0,12.0,1.0,0.0,0.0,Used,"Montrose, Colorado, United States",https://tinyhouselistings.com/listings/dream-tiny-home-12x20-perfect,Montrose,Colorado,United States,49.0,0.0,15.0
Artistic and Modern 26' Dual Loft Tiny House,Tiny House,Mobile,54500,221.0,26.0,8.5,0.0,1.0,2.0,Used,"Spokane, Washington, United States",https://tinyhouselistings.com/listings/artistic-and-modern-26-dual-loft-tiny-house,Spokane,Washington,United States,51.0,0.0,42.0
"Tiny House Trailer, 8x22', (2)5200# axles",Tiny House Trailer,Mobile,4100,176.0,22.0,8.0,0.0,0.0,0.0,Delivery Available,"Cedarpines Park, California, United States",https://tinyhouselistings.com/listings/tiny-house-trailer-8x22-2-5200-axles,Cedarpines Park,California,United States,51.0,0.0,10.0
Stunning 42' Luxury Tiny House For Sale,Tiny House,Mobile,95000,336.0,42.0,8.0,2.0,1.0,1.0,Delivery Available,"Austin, Texas, United States",https://tinyhouselistings.com/listings/stunning-42-luxury-tiny-house-for-sale,Austin,Texas,United States,55.0,0.0,201.0
Tiny house on wheels for sale Wood Tiny House 110 FT2,Tiny House,Mobile,11000,140.0,12.0,8.0,1.0,1.0,1.0,Delivery Available,"ADANA, Adana, Turkey",https://tinyhouselistings.com/listings/tiny-house-on-wheels-for-sale-luxury-modern,ADANA,Adana,Turkey,55.0,0.0,73.0
Unfinished 12x36 on mobile home frame,Tiny House,Mobile,20000,432.0,36.0,12.0,1.0,2.0,1.0,Used,"Joshua, Texas, United States",https://tinyhouselistings.com/listings/unfinished-12x36-on-mobile-home-frame,Joshua,Texas,United States,55.0,0.0,7.0
"20' Container Home | ""The Cleveland"" Model",Container Home,Mobile,24500,160.0,20.0,8.0,0.0,1.0,0.0,New,"Austin, Texas, United States",https://tinyhouselistings.com/listings/20-container-home-the-cleveland-model,Austin,Texas,United States,56.0,0.0,50.0
Beautiful tiny cabin (modular home),Cabin,Stationary,42708,264.0,28.0,12.0,0.0,1.0,2.0,New,"Morganton, North Carolina, United States",https://tinyhouselistings.com/listings/beautiful-tiny-cabin-modular-home,Morganton,North Carolina,United States,57.0,0.0,40.0
DIYers 4x8 Tiny Shell Project,Other,Mobile,8000,32.0,8.0,4.0,0.0,0.0,1.0,New,"Miami, Florida, United States",https://tinyhouselistings.com/listings/diyers-4x8-tiny-shell-project,Miami,Florida,United States,58.0,0.0,7.0
A Tiny Adjustment - open to offers,Tiny House,Mobile,36500,192.0,24.0,8.0,0.0,1.0,1.0,Used,"Smyrna, Georgia, United States",https://tinyhouselistings.com/listings/a-tiny-adjustment,Smyrna,Georgia,United States,58.0,0.0,127.0
A Tiny Adjustment - open to offers,Tiny House,Mobile,36500,192.0,24.0,8.0,0.0,1.0,1.0,Used,"Smyrna, Georgia, United States",https://tinyhouselistings.com/listings/40-container-home-bunkhouse-for-preppers,Smyrna,Georgia,United States,58.0,0.0,127.0
Nomad Tiny Home Ready for Your Adventures,Tiny House,Mobile,65000,192.0,24.0,8.0,1.0,1.0,1.0,Used,"Durango, Colorado, United States",https://tinyhouselistings.com/listings/nomad-tiny-home-ready-for-your-adventures,Durango,Colorado,United States,58.0,0.0,92.0
Beneath the Bark- Handcrafted 23' Custom Tiny Home,Tiny House,Mobile,89000,184.0,23.0,8.0,0.0,1.0,1.0,Delivery Available,"Incline Valley, Nevada, United States",https://tinyhouselistings.com/listings/beneath-the-bark-handcrafted-23-custom-tiny-home,Incline Valley,Nevada,United States,58.0,0.0,37.0
40' dog-nose skoolie,RV,Mobile,38500,200.0,,,1.0,1.0,0.0,Delivery Available,"Colorado Springs, Colorado, United States",https://tinyhouselistings.com/listings/40-dog-nose-skoolie,Colorado Springs,Colorado,United States,59.0,0.0,22.0
"20' Container Home | ""The Beaumont"" Model",Container Home,Mobile,26000,152.0,20.0,8.0,1.0,1.0,0.0,Delivery Available,"Austin, Texas, United States",https://tinyhouselistings.com/listings/20-container-home-the-beaumont-model,Austin,Texas,United States,59.0,0.0,58.0
"20 ft Container Home | ""The Abilene"" Model",Container Home,Mobile,22500,135.0,20.0,8.0,0.0,1.0,0.0,Delivery Available,"Austin, Texas, United States",https://tinyhouselistings.com/listings/20-container-home-the-abilene-model,Austin,Texas,United States,59.0,0.0,52.0
2017 Perch&Nest Roost18 (Certified Travel Trailer RV),Tiny House,Mobile,65000,135.0,18.0,8.5,1.0,1.0,1.0,Used,"Duck, West Virginia, United States",https://tinyhouselistings.com/listings/2017-perch-nest-roost18-certified-travel-trailer-rv,Duck,West Virginia,United States,59.0,0.0,200.0
Champion Homes Tiny House,Tiny House,Mobile,67900,399.0,,,1.0,1.0,1.0,Used,"Loveland , Colorado, United States",https://tinyhouselistings.com/listings/champion-homes-tiny-house,Loveland ,Colorado,United States,59.0,0.0,100.0
2015 homebuilt Tumbleweed,Tiny House,Mobile,60000,192.0,24.0,8.5,1.0,1.0,2.0,Used,"Redding, California, United States",https://tinyhouselistings.com/listings/2015-homebuilt-tumbleweed,Redding,California,United States,60.0,0.0,58.0
2015 homebuilt Tumbleweed,Tiny House,Mobile,60000,192.0,24.0,8.5,1.0,1.0,2.0,Used,"Redding, California, United States",https://tinyhouselistings.com/listings/bright-warm-and-spacious-maine-tiny-home,Redding,California,United States,60.0,0.0,58.0
Tiny Duplex,Tiny House,Mobile,30600,399.0,12.0,44.0,3.0,2.0,0.0,Delivery Available,"Kennesaw, Georgia, United States",https://tinyhouselistings.com/listings/tiny-duplex,Kennesaw,Georgia,United States,63.0,0.0,66.0
"Tiny Condo - Affordable, Unique Layout",Tiny House,Stationary,26500,399.0,12.0,35.0,2.0,2.0,0.0,Delivery Available,"Kennesaw, Georgia, United States",https://tinyhouselistings.com/listings/tiny-condo-affordable-unique-layout-tiny_house-stationary,Kennesaw,Georgia,United States,63.0,0.0,77.0
Tiny Bungalow - 399 sq ft,Tiny House,Mobile,30000,399.0,12.0,44.0,3.0,1.0,0.0,Delivery Available,"Kennesaw, Georgia, United States",https://tinyhouselistings.com/listings/tiny-bungalow-399-sq-ft,Kennesaw,Georgia,United States,63.0,0.0,70.0
Unique Geometric 25' Tiny House,Tiny House,Mobile,88000,200.0,25.0,7.97,1.0,1.0,1.0,New,"Newbury, Massachusetts, United States",https://tinyhouselistings.com/listings/unique-geometric-25-tiny-house,Newbury,Massachusetts,United States,63.0,0.0,16.0
Custom tiny house built 2019,Tiny House,Mobile,24500,144.0,18.0,8.0,1.0,1.0,1.0,Delivery Available,"Plattsburg , Missouri, United States",https://tinyhouselistings.com/listings/custom-tiny-house-built-2019,Plattsburg ,Missouri,United States,63.0,0.0,35.0
"Loft Design- 2 sleeping areas! double window, bluetooth capable",Tiny House,Mobile,57500,240.0,12.0,20.0,1.0,1.0,1.0,New,"Waldorf, Maryland, United States",https://tinyhouselistings.com/listings/the-haven-new-home-shipped-to-you,Waldorf,Maryland,United States,63.0,0.0,121.0
Tiny House With Master Bedroom + 2 Lofts,Tiny House,Mobile,68900,240.0,24.0,8.0,1.0,1.0,2.0,New,"Mountain Home, Idaho, United States",https://tinyhouselistings.com/listings/tiny-house-with-master-bedroom-2-lofts-tiny_house,Mountain Home,Idaho,United States,63.0,0.0,148.0
Move -In Ready 2018 Boxwood Tiny Home,Tiny House,Mobile,48500,205.0,24.0,8.5,0.0,1.0,1.0,Used,"Rifle, Colorado, United States",https://tinyhouselistings.com/listings/move-in-ready-2018-boxwood-tiny-home,Rifle,Colorado,United States,64.0,0.0,99.0
Open floor lofted Cabin/She Shed/Tiny home,Tiny House Shell,Stationary,19500,265.0,22.0,12.0,1.0,0.0,2.0,New,"Tallmadge, Ohio, United States",https://tinyhouselistings.com/listings/open-floor-lofted-cabin-she-shed-tiny-home,Tallmadge,Ohio,United States,64.0,0.0,22.0
20' Modern Design Container Home - The Retreat,Container Home,Stationary,58700,160.0,20.0,8.0,1.0,1.0,1.0,New,"Las Vegas, Nevada, United States",https://tinyhouselistings.com/listings/20-modern-design-container-home,Las Vegas,Nevada,United States,55.0,0.0,42.0
A Chef's Dream 28' Tiny House,Tiny House,Mobile,85000,238.0,28.0,8.5,1.0,1.0,1.0,Square Feet,"Elkhart, Indiana, United States",https://tinyhouselistings.com/listings/a-chef-s-dream-26-tiny-house,Elkhart,Indiana,United States,65.0,0.0,32.0
28' Aspen Dual Lofts,Tiny House,Mobile,62500,224.0,28.0,8.5,2.0,1.0,2.0,Delivery Available,"Alpharetta, Georgia, United States",https://tinyhouselistings.com/listings/28-aspen-by-homestead-tiny-house,Alpharetta,Georgia,United States,65.0,0.0,174.0
"Cedar tree house, amazing condition",Cabin,Mobile,5000,200.0,17.5,11.5,1.0,0.0,0.0,Square Feet,"Houston, Texas, United States",https://tinyhouselistings.com/listings/cedar-tree-house-amazing-condition,Houston,Texas,United States,67.0,0.0,33.0
Park/Camp Your Tiny House on a 2 1/2 Acre Lot in the L.A. Desert for $450 per Month,Parking,Mobile,450,0.0,,,0.0,0.0,0.0,Comes With Land,"Los Angeles County, California, United States",https://tinyhouselistings.com/listings/park-camp-your-tiny-house-on-a-2-1-2-acre-in-the-l-a-desert,Los Angeles County,California,United States,70.0,0.0,28.0
28’ Towable Modern Farmhouse Style Tiny House,Tiny House,Mobile,82000,305.0,28.0,8.0,3.0,1.0,2.0,New,"Greer, South Carolina, United States",https://tinyhouselistings.com/listings/28-towable-modern-farmhouse-style-tiny-house,Greer,South Carolina,United States,71.0,0.0,189.0
Tiny Home Module Available,Tiny House,Stationary,56750,304.0,26.5,11.5,1.0,1.0,0.0,New,"Boise, Idaho, United States",https://tinyhouselistings.com/listings/tiny-home-module-available,Boise,Idaho,United States,71.0,0.0,26.0
Functional Modern Tiny House Living With TONS of Storage,Tiny House,Mobile,68000,224.0,28.0,8.0,2.0,1.0,1.0,Delivery Available,"Guthrie, Oklahoma, United States",https://tinyhouselistings.com/listings/functional-modern-tiny-house-living-with-tons-of-storage,Guthrie,Oklahoma,United States,72.0,0.0,170.0
Seder build Tiny House on wheels,Tiny House,Mobile,62000,210.0,22.2,9.5,2.0,1.0,1.0,Used,"Oregon City, Oregon, United States",https://tinyhouselistings.com/listings/seder-build-tiny-house-on-wheels,Oregon City,Oregon,United States,72.0,0.0,13.0
Peaches the Bus is Ready for Customization,Converted Bus,Mobile,18500,180.0,22.0,8.0,1.0,0.0,0.0,Delivery Available,"Missoula, Montana, United States",https://tinyhouselistings.com/listings/peaches-the-bus-is-ready-for-customization-converted_bus,Missoula,Montana,United States,73.0,0.0,45.0
Peaches the Bus is Ready for Customization,Converted Bus,Mobile,18500,180.0,22.0,8.0,1.0,0.0,0.0,Delivery Available,"Missoula, Montana, United States",https://tinyhouselistings.com/listings/20-plug-in-off-grid-with-positive-energy,Missoula,Montana,United States,73.0,0.0,45.0
"28’ High Quality, Affordable Cabin",Other,Stationary,28000,336.0,12.0,28.0,1.0,1.0,0.0,Used,"Dalton, Nebraska, United States",https://tinyhouselistings.com/listings/28-high-quality-affordable-cabin,Dalton,Nebraska,United States,75.0,0.0,7.0
One and a Half Acres,Parking,Stationary,500,0.0,,,0.0,0.0,0.0,Comes With Land,"Milford, Kansas, United States",https://tinyhouselistings.com/listings/one-and-a-half-acres,Milford,Kansas,United States,76.0,0.0,6.0
Sustainable Tiny Home Repurpose Opportunity,Tiny House,Stationary,49500,520.0,34.0,15.5,1.0,1.0,0.0,New,"Knoxville , Tennessee, United States",https://tinyhouselistings.com/listings/sustainable-tiny-home-repurpose-opportunity,Knoxville ,Tennessee,United States,77.0,0.0,10.0
Titanium Tiny Home,RV,Mobile,42000,320.0,35.0,8.0,1.0,1.0,0.0,Delivery Available,"Bothell, Washington, United States",https://tinyhouselistings.com/listings/titanium-tiny-home,Bothell,Washington,United States,78.0,0.0,72.0
"Dual Lofts, tons of storage, 2 sleeping areas",Tiny House,Mobile,59500,172.0,24.0,8.0,1.0,1.0,2.0,Delivery Available,"Laredo, Texas, United States",https://tinyhouselistings.com/listings/modern-warm-new-tiny-house-on-wheels-for-sale-tiny_house,Laredo,Texas,United States,79.0,0.0,157.0
Affordable Shipping Container Homes,Container Home,Mobile,24000,320.0,40.0,8.0,2.0,1.0,0.0,New,"San Antonio, Texas, United States",https://tinyhouselistings.com/listings/affordable-shipping-container-homes,San Antonio,Texas,United States,80.0,0.0,105.0
"32ft beautiful Sky Blue Tiny Home, Perfect for grandparents or remote learners!",Tiny House Trailer,Mobile,85900,256.0,32.0,8.0,1.0,1.0,0.0,Delivery Available,"Seabeck, Washington, United States",https://tinyhouselistings.com/listings/32ft-beautiful-sky-blue-tiny-home-perfect-for-grandparents-or-remote-learners,Seabeck,Washington,United States,80.0,0.0,82.0
"Primo Tiny Home on Wheels, Off or On Grid Ready",Tiny House,Mobile,125000,271.0,23.99,8.0,0.0,1.0,2.0,New,"Ranchos de Taos, New Mexico, United States",https://tinyhouselistings.com/listings/primo-tiny-house-on-wheels-off-or-on-grid-ready,Ranchos de Taos,New Mexico,United States,80.0,0.0,20.0
Mobile Custom Boutiques,Other,Mobile,35900,176.0,24.0,8.6,0.0,0.0,0.0,New,"Chehalis, Washington, United States",https://tinyhouselistings.com/listings/mobile-custom-boutiques,Chehalis,Washington,United States,85.0,0.0,22.0
Divorced Singles Living Retreat,Parking,Stationary,400,0.0,,,0.0,0.0,0.0,Delivery Available,"Conover, North Carolina, United States",https://tinyhouselistings.com/listings/divorced-singles-living-retreat,Conover,North Carolina,United States,87.0,0.0,13.0
20' Luxury Container Home- off grid ready,Container Home,Mobile,64000,160.0,10.0,8.0,1.0,1.0,0.0,Delivery Available,"Houston, Texas, United States",https://tinyhouselistings.com/listings/20-luxury-container-home-off-grid-ready,Houston,Texas,United States,87.0,0.0,123.0
Stealthy Fully Functional Woodsy Cabin on Wheels,Tiny House,Mobile,22000,112.0,23.0,9.0,1.0,1.0,1.0,Delivery Available,"Cazadero, California, United States",https://tinyhouselistings.com/listings/the-cabana-stealthy-cabin-on-wheels,Cazadero,California,United States,86.0,0.0,48.0
"The 12x32 Lofted Barn Cabin - Perfect Guest House, Tiny Home, Cabin, Getaway, ETC...!",Tiny House,Stationary,24000,384.0,32.0,12.0,1.0,1.0,2.0,New,"Dawsonville, Georgia, United States",https://tinyhouselistings.com/listings/the-12x32-lofted-barn-cabin-perfect-guest-house-tiny-home-cabin-getaway-etc,Dawsonville,Georgia,United States,88.0,0.0,107.0
The Dreamer- 30' Dual Loft Tiny House,Tiny House,Mobile,49900,240.0,30.0,8.0,2.0,1.0,2.0,New,"Moreno Valley, California, United States",https://tinyhouselistings.com/listings/the-dreamer-30-dual-loft-tiny-house,Moreno Valley,California,United States,71.0,0.0,298.0
The Horizon- 28' Dual Loft Tiny Home--- Brand New,Tiny House,Mobile,89900,238.0,28.0,8.5,2.0,1.0,2.0,New,"Moreno Valley, California, United States",https://tinyhouselistings.com/listings/the-horizon-28-dual-loft-tiny-home-brand-new,Moreno Valley,California,United States,71.0,0.0,119.0
NEST by Atlas Tiny House (Worldwide Shipping),Container Home,Mobile,20850,290.0,39.5,7.6,2.0,1.0,0.0,Delivery Available,"Podgorica, Podgorica, Montenegro",https://tinyhouselistings.com/listings/nest-by-atlas-tiny-house-worldwide-shipping,Podgorica,Podgorica,Montenegro,91.0,0.0,269.0
Modern Tiny House ADU - Guest House or Primary Resident,Tiny House,Mobile,85000,192.0,24.0,8.5,1.0,1.0,0.0,Delivery Available,"Seattle, Washington, United States",https://tinyhouselistings.com/listings/riverlink-homes-24,Seattle,Washington,United States,92.0,0.0,102.0
"16' Off-grid Capable, Unique Tiny Home",Tiny House,Mobile,35000,128.0,16.0,8.0,0.0,1.0,1.0,Used,"Corpus Christi, Texas, United States",https://tinyhouselistings.com/listings/16-off-grid-capable-unique-tiny-home,Corpus Christi,Texas,United States,55.0,0.0,10.0
Unique Tiny House,Tiny House,Mobile,32000,300.0,,,1.0,1.0,1.0,Square Feet,"Colorado Springs, Colorado, United States",https://tinyhouselistings.com/listings/unique-tiny-house-tiny_house,Colorado Springs,Colorado,United States,94.0,0.0,32.0
pitched roof flat pack mobile modular 20 ft 40ft container shipping container frames house homes,Container Home,Mobile,950,191.0,19.5,9.88,1.0,0.0,0.0,New,"laizhou yantai, Shandong, China",https://tinyhouselistings.com/listings/pitched-roof-flat-pack-mobile-modular-20-ft-40ft-container-shipping-container-frames-house-homes,laizhou yantai,Shandong,China,94.0,0.0,25.0
Almont 2.0 (Homestead Tiny House),Tiny House,Mobile,29500,128.0,16.0,8.5,1.0,1.0,0.0,New,"Alpharetta, Georgia, United States",https://tinyhouselistings.com/listings/almont-2-0-homestead-tiny-house,Alpharetta,Georgia,United States,97.0,0.0,275.0
Beautiful vintage school bus conversion,Converted Bus,Mobile,22000,192.0,30.0,8.0,1.0,0.0,0.0,Used,"Durham, North Carolina, United States",https://tinyhouselistings.com/listings/beautiful-vintage-school-bus-conversion-converted_bus,Durham,North Carolina,United States,98.0,0.0,108.0
"Tiny Cabin - ultimate in flexibility, expandability and technology",Tiny House,Mobile,147000,400.0,8.0,53.0,1.0,1.0,1.0,Delivery Available,"Greenbush, Minnesota, United States",https://tinyhouselistings.com/listings/tiny-cabin-ultimate-in-flexibility-expandability-and-technology,Greenbush,Minnesota,United States,67.0,0.0,42.0
Edna the Tiny Home,Tiny House,Mobile,70000,256.0,32.0,8.0,1.0,1.0,1.0,Used,"North Augusta, South Carolina, United States",https://tinyhouselistings.com/listings/edna-the-tiny-home-tiny_house,North Augusta,South Carolina,United States,99.0,0.0,239.0
Hawaii Adventure Van. Ford E350 XL Super Duty Camper Van Conversion [video tour],RV,Mobile,38000,72.0,,6.0,1.0,0.0,0.0,Used,"kailua-kona, Hawaii, United States",https://tinyhouselistings.com/listings/hawaii-adventure-van-watch-video-ford-e350-super-duty-camper-van-conversion,kailua-kona,Hawaii,United States,102.0,0.0,44.0
Beautiful Tiny Home. Newly built.,Tiny House,Mobile,44000,270.0,30.75,10.0,1.0,1.0,1.0,Delivery Available,"SHIPSHEWANA, Indiana, United States",https://tinyhouselistings.com/listings/beautiful-tiny-home-newly-built,SHIPSHEWANA,Indiana,United States,103.0,0.0,164.0
Beautiful Tiny Home. Newly built.,Tiny House,Mobile,44000,270.0,30.75,10.0,1.0,1.0,1.0,Delivery Available,"SHIPSHEWANA, Indiana, United States",https://tinyhouselistings.com/listings/gorgeous-20-tiny-house-wheels-tiny_house,SHIPSHEWANA,Indiana,United States,103.0,0.0,164.0
Modern Butterfly- Customize to Your Liking!,Tiny House,Stationary,59900,533.0,40.0,13.4,1.0,1.0,0.0,New,"Madison, Wisconsin, United States",https://tinyhouselistings.com/listings/modern-butterfly-customize-to-your-liking,Madison,Wisconsin,United States,104.0,0.0,85.0
"Urban Oasis, One Level Tiny House- Personalize to Your Taste!",Tiny House,Stationary,65000,392.0,28.0,14.0,1.0,0.0,1.0,New,"Madison, Wisconsin, United States",https://tinyhouselistings.com/listings/urban-oasis-one-level-tiny-house-personalize-to-your-taste,Madison,Wisconsin,United States,104.0,0.0,102.0
31' Premium Tiny House with Main Floor Bedroom,Tiny House,Mobile,115000,280.0,31.0,8.5,1.0,1.0,1.0,Used,"Bend, Oregon, United States",https://tinyhouselistings.com/listings/31-premium-tiny-house-with-main-floor-bedroom,Bend,Oregon,United States,106.0,0.0,296.0
Modern Minim Tiny House,Tiny House,Stationary,49900,288.0,24.0,12.0,0.0,1.0,0.0,New,"Madison, Wisconsin, United States",https://tinyhouselistings.com/listings/modern-minim-tiny-house,Madison,Wisconsin,United States,105.0,0.0,80.0
2020 Tumbleweed Cypress 30' Tiny Home!,Tiny House,Mobile,94900,255.0,30.0,8.5,2.0,1.0,1.0,Delivery Available,"Rapid City, South Dakota, United States",https://tinyhouselistings.com/listings/2020-tumbleweed-cypress-30-tiny-home,Rapid City,South Dakota,United States,106.0,0.0,148.0
"NORDIC+SPRUCE tiny home for order. Bath, loft, and kitchen complete!",Tiny House,Mobile,34000,170.0,20.0,8.5,1.0,1.0,1.0,New,"monterey, Tennessee, United States",https://tinyhouselistings.com/listings/nordic-spruce-tiny-home-for-order-bath-loft-and-kitchen-complete,monterey,Tennessee,United States,106.0,0.0,223.0
Turtle Dove- 20' Dual Loft Tiny House,Tiny House,Mobile,46000,160.0,20.0,8.0,2.0,1.0,2.0,New,"Berkeley Springs, West Virginia, United States",https://tinyhouselistings.com/listings/the-turtle-dove-20-dual-loft-tiny-house,Berkeley Springs,West Virginia,United States,106.0,0.0,326.0
Food Truck style Concession Stand/Shipping Container Kitchen with Upper deck lounge,Container Home,Mobile,20000,140.0,13.2,7.3,0.0,0.0,0.0,Delivery Available,"new haven, Connecticut, United States",https://tinyhouselistings.com/listings/food-truck-style-concession-stand-shipping-container-kitchen-with-upper-deck-lounge,new haven,Connecticut,United States,107.0,0.0,50.0
"Off-Grid Tiny- New wood burning stove, solar electricity, king size",Tiny House,Mobile,38000,192.0,24.0,8.0,1.0,1.0,1.0,Delivery Available,"Colorado Springs, Colorado, United States",https://tinyhouselistings.com/listings/affordable-off-grid-tiny-house-tiny_house-mobile,Colorado Springs,Colorado,United States,108.0,0.0,60.0
"Luxury Living at LuxTiny, AZ (or WHEREVER you desire to live Tiny in LUXURY!)",Tiny House,Mobile,82500,200.0,24.0,8.5,1.0,1.0,1.0,Comes With Land,"Lakeside, Arizona, United States",https://tinyhouselistings.com/listings/luxury-living-at-luxtiny-az-or-wherever-you-desire-to-live-tiny-in-luxury,Lakeside,Arizona,United States,106.0,0.0,55.0
New Tiny House For Sale,Tiny House,Mobile,55000,192.0,24.0,8.0,1.0,1.0,2.0,New,"Portland, Oregon, United States",https://tinyhouselistings.com/listings/new-tiny-house-for-sale-tiny_house-mobile,Portland,Oregon,United States,109.0,0.0,92.0
The Escape Artist,Tiny House,Mobile,24500,160.0,20.0,8.0,1.0,1.0,1.0,Square Feet,"Columbia, South Carolina, United States",https://tinyhouselistings.com/listings/the-escape-artist-tiny_house,Columbia,South Carolina,United States,110.0,0.0,202.0
20ft container time home. Ready for off grid living.,Container Home,Stationary,30000,160.0,20.0,8.0,0.0,1.0,0.0,Square Feet,"Oakland, California, United States",https://tinyhouselistings.com/listings/20ft-container-time-home-ready-for-off-grid-living,Oakland,California,United States,110.0,0.0,48.0
2021 Lo-Pro Cabin,RV,Mobile,27950,74.0,18.0,7.0,1.0,1.0,0.0,New,"Fife, Washington, United States",https://tinyhouselistings.com/listings/2021-lo-pro-cabin,Fife,Washington,United States,106.0,0.0,70.0
"LUXURY Skoolie- LED Lighting, Built in Couch, TVs",Converted Bus,Mobile,60000,320.0,40.0,8.0,1.0,1.0,1.0,Delivery Available,"Tampa, Florida, United States",https://tinyhouselistings.com/listings/school-bus-converted-to-rv,Tampa,Florida,United States,113.0,0.0,74.0
32' Industrial Farmhouse Tiny Home,Tiny House,Mobile,60000,300.0,32.0,10.0,1.0,1.0,0.0,New,"Weatherford, Texas, United States",https://tinyhouselistings.com/listings/32-industrial-farmhouse-tiny-home,Weatherford,Texas,United States,114.0,0.0,19.0
New Frontier Tiny Home - Alpha,Tiny House,Mobile,120000,275.0,28.0,8.5,1.0,0.0,0.0,Used,"Bozeman , Montana, United States",https://tinyhouselistings.com/listings/new-frontier-tiny-home-alpha,Bozeman ,Montana,United States,114.0,0.0,32.0
20' Off grid ready Tiny Home Built with High Quality Materials,Tiny House,Mobile,33500,160.0,20.0,8.0,1.0,1.0,2.0,Delivery Available,"Omaha, Nebraska, United States",https://tinyhouselistings.com/listings/20-off-grid-ready-tiny-home-built-with-high-quality-materials-tiny_house,Omaha,Nebraska,United States,115.0,0.0,233.0
Brand new unique rv,RV,Mobile,25000,77.0,17.0,7.5,0.0,0.0,1.0,Delivery Available,"Olympia, Washington, United States",https://tinyhouselistings.com/listings/brand-new-unique-rv,Olympia,Washington,United States,115.0,0.0,134.0
The Rendezvous 27' Gooseneck Tiny House,Tiny House,Mobile,64900,216.0,27.0,8.0,2.0,1.0,1.0,Used,"Salida, Colorado, United States",https://tinyhouselistings.com/listings/the-rendezvous-27-gooseneck-tiny-house,Salida,Colorado,United States,114.0,0.0,143.0
Tudor Timberframe style Tiny Home shell 24',Tiny House Shell,Mobile,16000,192.0,24.0,8.0,3.0,1.0,2.0,New,"Hot Springs, South Dakota, United States",https://tinyhouselistings.com/listings/tudor-timberframe-style-tinyhouse-shell,Hot Springs,South Dakota,United States,115.0,0.0,156.0
"Natural Modern 30ft Tiny House ""Sycamore"" By Made Relative",Tiny House,Mobile,90000,320.0,30.0,8.5,2.0,1.0,2.0,Delivery Available,"Wichita, Kansas, United States",https://tinyhouselistings.com/listings/sycamore-by-made-relative,Wichita,Kansas,United States,115.0,0.0,479.0
Spacious & Luxurious 588 Sq. Ft. Small House On Trailer,Tiny House,Mobile,98000,588.0,42.0,14.0,1.0,1.0,0.0,New,"Camano Island, Washington, United States",https://tinyhouselistings.com/listings/spacious-luxurious-588-sq-ft-small-house-on-trailer-tiny_house,Camano Island,Washington,United States,116.0,0.0,76.0
Tiny Home Completely Renovated,Tiny House,Mobile,31500,290.0,,,1.0,2.0,2.0,Square Feet,"San Angelo, Texas, United States",https://tinyhouselistings.com/listings/tiny-home-completely-renovated,San Angelo,Texas,United States,115.0,0.0,91.0
Affordable Parking - Liverpool RV Park,Parking,Mobile,400,0.0,60.0,12.0,0.0,0.0,0.0,Comes With Land,"Pearland, Texas, United States",https://tinyhouselistings.com/listings/liverpool-rv-park-your-new-home,Pearland,Texas,United States,120.0,0.0,17.0
Custom RVIA Tumbleweed Cypress 24',Tiny House,Mobile,52000,192.0,24.0,8.5,1.0,1.0,2.0,Used,"Birmingham, Alabama, United States",https://tinyhouselistings.com/listings/custom-rvia-tumbleweed-cypress-24-tiny_house,Birmingham,Alabama,United States,122.0,0.0,66.0
20' Tiny House Model With Sleeping Downstairs,Tiny House,Mobile,40000,160.0,20.0,8.0,1.0,1.0,0.0,Delivery Available,"Spring City, Tennessee, United States",https://tinyhouselistings.com/listings/20-tiny-house-model-with-sleeping-downstairs-tiny_house,Spring City,Tennessee,United States,122.0,0.0,130.0
Adorable 24' Boho Cottage Model,Tiny House,Mobile,50000,192.0,26.0,8.0,1.0,1.0,1.0,Delivery Available,"Spring City, Tennessee, United States",https://tinyhouselistings.com/listings/adorable-24-boho-cottage-model-tiny_house,Spring City,Tennessee,United States,122.0,0.0,127.0
18' Tiny Home great for full time living or Airbnb,Tiny House,Mobile,36999,144.0,18.0,8.0,1.0,1.0,1.0,Used,"Bozeman, Montana, United States",https://tinyhouselistings.com/listings/18-tiny-home-great-for-rental-or-full-time-living,Bozeman,Montana,United States,102.0,0.0,71.0
Family Bus,Converted Bus,Mobile,13000,300.0,38.0,10.0,1.0,1.0,0.0,Used,"Mesa, Arizona, United States",https://tinyhouselistings.com/listings/family-bus,Mesa,Arizona,United States,123.0,0.0,135.0
Craftsman Style Tiny Home,Tiny House,Mobile,29500,150.0,18.0,8.5,0.0,0.0,1.0,Delivery Available,"Grants Pass, Oregon, United States",https://tinyhouselistings.com/listings/craftsman-style-tiny-home-tiny_house,Grants Pass,Oregon,United States,123.0,0.0,117.0
Remodeled 2011 RV Home with 4 bunks and 1 Master Suite,RV,Mobile,35000,370.0,37.0,9.0,3.0,2.0,0.0,Delivery Available,"Anaheim , California, United States",https://tinyhouselistings.com/listings/remodeled-2011-rv-home-with-4-bunks-and-1-master-suite,Anaheim ,California,United States,123.0,0.0,187.0
Health Conscious Tiny House For Sale!,Tiny House,Mobile,22000,136.0,18.0,7.6,1.0,1.0,0.0,Delivery Available,"Mccloud, California, United States",https://tinyhouselistings.com/listings/health-conscious-tiny-house-for-sale,Mccloud,California,United States,124.0,0.0,83.0
Tiny Home Cabin/Home,Tiny House,Mobile,30000,270.0,,,2.0,1.0,1.0,Used,"Warrenton, North Carolina, United States",https://tinyhouselistings.com/listings/magnolia-love,Warrenton,North Carolina,United States,103.0,0.0,140.0
Adventure Ready- Remodeled 36' Class A Coachman,RV,Mobile,49000,324.0,36.0,8.0,4.0,1.0,0.0,Used,"Georgetown, South Carolina, United States",https://tinyhouselistings.com/listings/adventure-ready-remodeled-36-class-a-coachman,Georgetown,South Carolina,United States,125.0,0.0,238.0
Matilda - B-Hotel is the new campervan,Converted Bus,Mobile,65000,200.0,25.0,8.0,2.0,1.0,1.0,Used,"las vegas, Nevada, United States",https://tinyhouselistings.com/listings/matilda-b-hotel-is-the-tiny-house,las vegas,Nevada,United States,125.0,0.0,253.0
288 Sq Ft Off Grid Tiny House includes all solar,Tiny House,Mobile,22000,288.0,24.0,12.0,1.0,1.0,0.0,New,"PAMPLIN, Virginia, United States",https://tinyhouselistings.com/listings/288-sq-foot-off-grid-tiny-house,PAMPLIN,Virginia,United States,125.0,0.0,94.0
Affordable Workspace to Transform for your needs!,Tiny House,Mobile,20000,126.0,18.0,7.0,0.0,0.0,0.0,Delivery Available,"Lansing, New York, United States",https://tinyhouselistings.com/listings/tiny-mobile-retail-shoppe,Lansing,New York,United States,127.0,0.0,53.0
Flat Top Insulated Building 16x10 SheShed/Cabin/Office/Man Cave,Tiny House Shell,Stationary,4309,160.0,16.0,10.0,0.0,0.0,0.0,New,"Commerce, California, United States",https://tinyhouselistings.com/listings/flat-top-insulated-building-16x10-sheshed-cabin-office-man-cave,Commerce,California,United States,128.0,0.0,22.0
The Cypress Shack,Tiny House,Mobile,40000,144.0,18.0,8.0,1.0,1.0,2.0,Used,"New Iberia , Louisiana, United States",https://tinyhouselistings.com/listings/the-cypress-shack,New Iberia ,Louisiana,United States,129.0,0.0,170.0
Turtleback Shack,Tiny House Shell,Mobile,25000,80.0,10.0,9.0,0.0,0.0,0.0,Delivery Available,"OVERLAND PARK, Kansas, United States",https://tinyhouselistings.com/listings/turtleback-shack,OVERLAND PARK,Kansas,United States,129.0,0.0,34.0
Stone Mountain 16' Tiny House,Tiny House,Mobile,33000,128.0,16.0,8.0,1.0,1.0,1.0,New,"Stone Mountain, Georgia, United States",https://tinyhouselistings.com/listings/stone-mountain-16-tiny-house,Stone Mountain,Georgia,United States,131.0,0.0,223.0
2019. Elm Equator,Tiny House,Mobile,79000,260.0,26.0,8.0,2.0,1.0,1.0,Square Feet,"Hastings, Florida, United States",https://tinyhouselistings.com/listings/2019-elm-equator-tiny_house,Hastings,Florida,United States,131.0,0.0,9.0
Teeny-Tiny House Waiting for Your Finishing Touch,Tiny House,Mobile,15000,93.0,14.0,5.98,0.0,1.0,2.0,New,"Daytona Beach, Florida, United States",https://tinyhouselistings.com/listings/teeny-tiny-house-waiting-for-your-finishing-touch,Daytona Beach,Florida,United States,131.0,0.0,154.0
New 500 Square Feet Tiny House In Waterfront Community,Park Model,Mobile,47500,498.0,47.0,14.0,1.0,1.0,0.0,New,"Crescent City, Florida, United States",https://tinyhouselistings.com/listings/new-500-square-feet-tiny-house-in-waterfront-community,Crescent City,Florida,United States,134.0,0.0,183.0
Custom Solar Tiny Home,Tiny House,Mobile,115000,325.0,37.0,8.6,1.0,1.0,2.0,Dual Lofts,"Knoxville, Tennessee, United States",https://tinyhouselistings.com/listings/custom-solar-tiny-home-tiny_house,Knoxville,Tennessee,United States,134.0,0.0,264.0
"Can fit King Size bed! Luxury 26' Tiny! Mini-Split, Flush Toilet",Tiny House,Mobile,72000,225.0,26.0,8.0,1.0,1.0,1.0,Used,"Waterloo, Iowa, United States",https://tinyhouselistings.com/listings/beautiful-26-tiny-house-for-full-time-living,Waterloo,Iowa,United States,137.0,0.0,51.0
5th Wheel Tiny House Shell Metal Frame Roof Extras,Tiny House Shell,Mobile,30000,296.0,37.0,8.0,1.0,1.0,1.0,New,"Kissimmee, Florida, United States",https://tinyhouselistings.com/listings/gooseneck-tiny-house-shell-metal-frame-roof,Kissimmee,Florida,United States,132.0,0.0,10.0
8’x20’ Sunny Tiny Home,Park Model,Mobile,59500,160.0,20.0,8.0,1.0,1.0,1.0,Delivery Available,"E. Falmouth, Massachusetts, United States",https://tinyhouselistings.com/listings/20-x-8-with-extended-loft,E. Falmouth,Massachusetts,United States,128.0,0.0,28.0
"Urban RV Tiny Home upgraded with 50"" ROKU/Alcatel HOTSPOT",Tiny House Trailer,Mobile,19000,180.0,22.5,8.0,0.0,1.0,0.0,New,"Brooklyn, New York, United States",https://tinyhouselistings.com/listings/urban-rv-tiny-home-upgraded-with-50-roku-alcatel-hotspot,Brooklyn,New York,United States,142.0,0.0,142.0
"28' Beautiful White Tiny Home, Farmhouse Interior.",Tiny House,Mobile,68000,224.0,28.0,8.0,1.0,1.0,1.0,Used,"Sanford , Florida, United States",https://tinyhouselistings.com/listings/28-beautiful-white-tiny-home-farmhouse-interior,Sanford ,Florida,United States,143.0,0.0,408.0
Blue Magnolia 28' Tiny House,Tiny House,Mobile,82900,238.0,28.0,8.5,2.0,1.0,2.0,New,"Durango, Colorado, United States",https://tinyhouselistings.com/listings/blue-magnolia-28-tiny-house,Durango,Colorado,United States,143.0,0.0,333.0
Extremely Affordable 20' New Tiny House,Tiny House,Mobile,35000,160.0,20.0,8.0,1.0,1.0,1.0,Delivery Available,"Boise, Idaho, United States",https://tinyhouselistings.com/listings/extremely-affordable-20-new-tiny-house,Boise,Idaho,United States,146.0,0.0,395.0
"Compost Toilet, Tiled Shower, PEX Plumbing",Tiny House,Mobile,50000,160.0,20.0,8.0,1.0,1.0,1.0,Delivery Available,"Spring City, Tennessee, United States",https://tinyhouselistings.com/listings/a-fresh-adventure-tiny_house,Spring City,Tennessee,United States,147.0,0.0,127.0
Comfortable Cozy 24' Tiny House (Entirely Off Grid),Tiny House,Mobile,67000,204.0,24.0,8.6,1.0,2.0,2.0,Delivery Available,"San Diego, California, United States",https://tinyhouselistings.com/listings/comfortable-cozy-24-tiny-house-entirely-off-grid,San Diego,California,United States,147.0,0.0,103.0
"Tiny w/Loft- Compost Toilet & Built-in Stairs, Storage",Tiny House,Mobile,45000,192.0,24.0,8.0,2.0,1.0,1.0,Delivery Available,"Linden, Tennessee, United States",https://tinyhouselistings.com/listings/8x24-tiny-house-ready-for-the-simple-life,Linden,Tennessee,United States,148.0,0.0,75.0
8x24 Custom Tiny House,Tiny House,Mobile,99000,192.0,24.0,8.0,1.0,1.0,1.0,Delivery Available,"Clarkdale, Arizona, United States",https://tinyhouselistings.com/listings/8x24-custom-tiny-house,Clarkdale,Arizona,United States,148.0,0.0,9.0
Custom 20' PNW Tiny House,Tiny House,Mobile,59500,160.0,20.0,8.0,1.0,1.0,1.0,Delivery Available,"Twisp, Washington, United States",https://tinyhouselistings.com/listings/custom-20-pnw-tiny-house-tiny_house,Twisp,Washington,United States,151.0,0.0,76.0
Custom 20' PNW Tiny House,Tiny House,Mobile,59500,160.0,20.0,8.0,1.0,1.0,1.0,Delivery Available,"Twisp, Washington, United States",https://tinyhouselistings.com/listings/luxurious-tiny-with-attention-to-details,Twisp,Washington,United States,151.0,0.0,76.0
PRICE DROP! Must sell. Moving special- 24' Modern w/loft,Tiny House,Mobile,55000,206.0,24.0,8.5,1.0,1.0,1.0,Delivery Available,"Las Vegas, Nevada, United States",https://tinyhouselistings.com/listings/24-modern-tiny-house-with-loft-tiny_house,Las Vegas,Nevada,United States,153.0,0.0,386.0
Fully Remodeled Tiny House on Wheels,Tiny House,Mobile,15900,90.0,7.5,12.0,1.0,1.0,0.0,Used,"Miami, Florida, United States",https://tinyhouselistings.com/listings/fully-remodeled-tiny-house-on-wheels,Miami,Florida,United States,154.0,0.0,301.0
Denver Unit,Container Home,Stationary,79900,240.0,30.0,8.0,1.0,1.0,0.0,New,"Las Vegas , Nevada, United States",https://tinyhouselistings.com/listings/denver-unit,Las Vegas ,Nevada,United States,155.0,0.0,128.0
12x32 Premier Lofted Barn Cabin (Please read description below),Other,Stationary,24000,384.0,32.0,12.0,1.0,0.0,2.0,New,"Pine River, Wisconsin, United States",https://tinyhouselistings.com/listings/12x32-premier-lofted-barn-cabin-mahogany-white-trim-and-roof,Pine River,Wisconsin,United States,155.0,0.0,129.0
1 bed/1 bath Tiny House - 164 total sf by StouderHouse,Tiny House,Mobile,44000,128.0,16.0,8.0,1.0,1.0,1.0,Delivery Available,"Salado, Texas, United States",https://tinyhouselistings.com/listings/1-bed-1-bath-tiny-house-164-total-sf-by-stouderhouse,Salado,Texas,United States,155.0,0.0,65.0
Brand new 25' Park Model,Tiny House,Mobile,30500,187.0,25.0,7.5,1.0,1.0,0.0,New,"Salem, Oregon, United States",https://tinyhouselistings.com/listings/brand-new-25-park-model,Salem,Oregon,United States,155.0,0.0,56.0
Castle Tree House,Container Home,Stationary,58500,160.0,20.0,8.0,0.0,1.0,0.0,New,"Las Vegas , Nevada, United States",https://tinyhouselistings.com/listings/castle-tree-house,Las Vegas ,Nevada,United States,155.0,0.0,74.0
Gray's Unit,Container Home,Mobile,58900,160.0,20.0,8.0,1.0,1.0,0.0,Delivery Available,"Las Vegas, Nevada, United States",https://tinyhouselistings.com/listings/gray-s-unit,Las Vegas,Nevada,United States,155.0,0.0,132.0
Two-story CABIN (HUNTING LOUNGE)_German style_Post & Beam,Cabin,Mobile,10000,400.0,20.0,10.0,1.0,0.0,1.0,Used,"Woodruff, South Carolina, United States",https://tinyhouselistings.com/listings/two-story-cabin-hunting-lounge-_german-style_post-beam,Woodruff,South Carolina,United States,157.0,0.0,69.0
Learning Pod / Study Pod - Can be easily converted into a Tiny Home,Tiny House,Stationary,15000,96.0,12.0,8.0,0.0,0.0,0.0,New,"Lakewood, Colorado, United States",https://tinyhouselistings.com/listings/learning-pod-study-pod-can-be-easily-converted-into-a-tiny-home,Lakewood,Colorado,United States,157.0,0.0,59.0
Rustic and Charming 26' Tiny House,Tiny House,Mobile,62500,208.0,26.0,8.0,1.0,1.0,2.0,Used,"Indian Hills, Colorado, United States",https://tinyhouselistings.com/listings/rustic,Indian Hills,Colorado,United States,157.0,0.0,38.0
Perfect Tiny Home with free lot rent for 1 year!,Tiny House,Mobile,65000,192.0,24.0,8.0,0.0,1.0,1.0,Comes With Land,"Eufaula, Alabama, United States",https://tinyhouselistings.com/listings/perfect-tiny-home-with-free-lot-rent-for-1-year,Eufaula,Alabama,United States,160.0,0.0,170.0
Custom Built Tiny House For Sale - Completely Mobile,Tiny House,Mobile,110000,242.0,28.5,8.5,1.0,1.0,0.0,Used,"Mound House, Nevada, United States",https://tinyhouselistings.com/listings/take-a-trainride-high-end-custom-built-tiny-house-for-sale,Mound House,Nevada,United States,162.0,0.0,60.0
George - B-hotel is the new CAMPER!,Camper,Mobile,61000,110.0,23.0,9.0,1.0,1.0,0.0,Used,"Las Vegas , Nevada, United States",https://tinyhouselistings.com/listings/george-b-hotel-is-the-new-camper,Las Vegas ,Nevada,United States,163.0,0.0,192.0
SoCal Tiny Home on Wheels,Tiny House,Mobile,65000,288.0,36.0,8.0,2.0,1.0,2.0,Used,"Oxnard, California, United States",https://tinyhouselistings.com/listings/socal-tiny-home-on-wheels,Oxnard,California,United States,164.0,0.0,49.0
"Fully insulated mobile studio, shed or office",Other,Stationary,10900,112.0,14.0,8.0,1.0,0.0,0.0,New,"Redmond, Washington, United States",https://tinyhouselistings.com/listings/fully-insulated-mobile-studio-shed-or-office,Redmond,Washington,United States,164.0,0.0,71.0
"2 bedroom, 31' luxury tiny house on wheels for sale",Tiny House,Mobile,95000,300.0,31.0,8.5,2.0,1.0,1.0,Used,"Portland, Oregon, United States",https://tinyhouselistings.com/listings/2-bedroom-31-tiny-house-for-sale,Portland,Oregon,United States,164.0,0.0,419.0
ATLAS d.o.o Modern Living Houses,Tiny House,Mobile,24800,7014476350.827702,,,2.0,1.0,2.0,Delivery Available,"Podgorica, Podgorica, Montenegro",https://tinyhouselistings.com/listings/atlas-d-o-o-modern-living-houses,Podgorica,Podgorica,Montenegro,168.0,0.0,199.0
"Land in Moravian Falls, NC to park your Tiny Home/ RV",Parking,Stationary,400,0.0,,,0.0,0.0,0.0,Square Feet,"wilkesboro, North Carolina, United States",https://tinyhouselistings.com/listings/land-in-moravian-falls-nc-to-park-your-tiny-home-rv,wilkesboro,North Carolina,United States,176.0,0.0,59.0
2002 Thomas Renovated Skoolie,Converted Bus,Mobile,15000,30.0,35.0,7.5,0.0,0.0,0.0,Square Feet,"Fort Lauderdale, Florida, United States",https://tinyhouselistings.com/listings/2002-thomas-renovated-skoolie,Fort Lauderdale,Florida,United States,176.0,0.0,170.0
Custom 8x40 converted shipping container Tiny Home/Cabin (320 sqft).,Container Home,Mobile,35000,320.0,40.0,8.0,1.0,1.0,0.0,Delivery Available,"Vernon, Arizona, United States",https://tinyhouselistings.com/listings/custom-8x40-converted-shipping-container-tiny-home-cabin-320-sqft,Vernon,Arizona,United States,176.0,0.0,43.0
185sq.ft. Tiny House on Wheels,Tiny House,Mobile,60000,160.0,20.0,8.0,1.0,1.0,1.0,Delivery Available,"Encinitas, San Diego, California, United States",https://tinyhouselistings.com/listings/185sq-ft-tiny-house-on-wheels,Encinitas,San Diego,California,150.0,0.0,72.0
Need a Place for Your Tiny Home or Park Model in San Diego?,Parking,Stationary,1000,0.0,,,0.0,0.0,0.0,Square Feet,"Ramona, California, United States",https://tinyhouselistings.com/listings/need-a-place-for-your-tiny-home-or-park-model-in-san-diego,Ramona,California,United States,182.0,0.0,44.0
"20' Steel Frame- 4"" spray foam, Compost toilet, 10k capacity",Tiny House,Mobile,39000,160.0,20.0,8.0,1.0,1.0,1.0,Delivery Available,"Montpelier, Vermont, United States",https://tinyhouselistings.com/listings/20-steel-frame-tiny-house-by-contractor,Montpelier,Vermont,United States,184.0,0.0,121.0
POP-UP Camper Tiny House,,,9750,,,,,,,,,https://tinyhouselistings.com/listings/ply-pop-camper,,,,,,
