Name,Price,Location,City,State,Country,Type,Foundation,Misc,Bedrooms,Lofts,Bathrooms,Size,Length,Width,Days on site,Number of views,Times dreamlisted,Link
Awesome 24FT Tiny House on Wheels (Custom/Rustic),8800,"Fisher, West Virginia, United States",Fisher,West Virginia,United States,Tiny House,Mobile,Used,1,0,1,192.0,24.0,8.0,0,0,,https://tinyhouselistings.com/listings/awesome-24ft-tiny-house-on-wheels-custom-rustic
Beautiful 28' Farmhouse Tiny Home,85900,"Durango, Colorado, United States",Durango,Colorado,United States,Tiny House,Mobile,Delivery Available,2,2,1,305.0,28.0,8.5,0,0,,https://tinyhouselistings.com/listings/beautiful-28-farmhouse-tiny-home
Tiny House With Master Bedroom + 2 Lofts,60000,"Boise, Idaho, United States",Boise,Idaho,United States,Tiny House,Mobile,Delivery Available,1,2,1,240.0,24.0,8.0,1,0,11.0,https://tinyhouselistings.com/listings/tiny-house-with-master-bedroom-2-lofts
Extremely Affordable 20' New Tiny House,35000,"Boise, Idaho, United States",Boise,Idaho,United States,Tiny House,Mobile,Delivery Available,1,1,1,160.0,20.0,8.0,1,0,9.0,https://tinyhouselistings.com/listings/extremely-affordable-20-new-tiny-house
Skoolie - 31.75 ft Thomas HDX Rear Engine,45000,"Antonito, Colorado, United States",Antonito,Colorado,United States,Converted Bus,Mobile,Delivery Available,1,0,1,210.0,31.75,8.0,1,0,10.0,https://tinyhouselistings.com/listings/skoolie-31-75-ft-thomas-hdx-rear-engine
A Fresh Adventure,50000,"Spring City, Tennessee, United States",Spring City,Tennessee,United States,Tiny House,Mobile,Delivery Available,1,1,1,160.0,20.0,8.0,1,0,8.0,https://tinyhouselistings.com/listings/a-fresh-adventure-tiny_house
TheKastleOnWheels,75000,"Gilroy, California, United States",Gilroy,California,United States,Converted Bus,Mobile,Delivery Available,1,0,1,325.0,40.0,8.0,1,0,6.0,https://tinyhouselistings.com/listings/thekastleonwheels
Comfortable Cozy 24' Tiny House (Entirely Off Grid),70000,"San Diego, California, United States",San Diego,California,United States,Tiny House,Mobile,Delivery Available,1,2,2,204.0,24.0,8.6,2,0,5.0,https://tinyhouselistings.com/listings/comfortable-cozy-24-tiny-house-entirely-off-grid
8'x16' Mid Century Modern Tiny House on Wheels.,39000,"Stone Mountain, Georgia, United States",Stone Mountain,Georgia,United States,Tiny House,Mobile,New,0,1,1,128.0,16.0,8.0,2,0,12.0,https://tinyhouselistings.com/listings/8-x16-mid-century-modern-tiny-house-on-wheels
SPACE for 30' Tiny Home $600 NATURE ALL AROUND!,600,"Portland, Oregon, United States",Portland,Oregon,United States,Parking,Mobile,Square Feet,0,0,0,0.0,,,1,0,1.0,https://tinyhouselistings.com/listings/space-for-30-tiny-home-600-nature-all-around
Custom built 8’ x 20’ tiny home on wheels,35000,"Charleston , South Carolina, United States",Charleston ,South Carolina,United States,Tiny House,Mobile,Used,1,1,1,160.0,20.0,8.0,2,0,18.0,https://tinyhouselistings.com/listings/custom-built-8-x-20-tiny-home-on-wheels
Permanent Tiny House On Foundation. Tiny Simplicity.,55000,"Trinidad, California, United States",Trinidad,California,United States,Tiny House,Stationary,New,1,1,1,160.0,16.0,10.0,2,0,10.0,https://tinyhouselistings.com/listings/permanent-tiny-house-on-foundation-simplicity
8x24 Tiny House Ready For The Simple Life,55000,"Linden, Tennessee, United States",Linden,Tennessee,United States,Tiny House,Mobile,Delivery Available,2,1,1,192.0,24.0,8.0,2,0,12.0,https://tinyhouselistings.com/listings/8x24-tiny-house-ready-for-the-simple-life
Wildbound 5' x 8' Tiny Cabin,9199,"Pennsburg , Pennsylvania, United States",Pennsburg ,Pennsylvania,United States,Tiny House,Mobile,Square Feet,1,0,0,40.0,8.0,5.0,3,0,28.0,https://tinyhouselistings.com/listings/wildbound-5-x-8-tiny-cabin
8x24 Custom Tiny House,80000,"Clarkdale, Arizona, United States",Clarkdale,Arizona,United States,Tiny House,Mobile,Delivery Available,0,1,1,192.0,24.0,8.0,3,0,1.0,https://tinyhouselistings.com/listings/8x24-custom-tiny-house
"Tiny Condo - Affordable, Unique Layout",28900,"Kennessaw , Georgia, United States",Kennessaw ,Georgia,United States,Tiny House,Stationary,New,2,0,2,399.0,40.0,12.0,4,0,20.0,https://tinyhouselistings.com/listings/tiny-condo-affordable-unique-layout-tiny_house
Beautiful vintage school bus conversion,25000,"Durham, North Carolina, United States",Durham,North Carolina,United States,Converted Bus,Mobile,Used,1,0,0,192.0,30.0,8.0,4,0,21.0,https://tinyhouselistings.com/listings/beautiful-vintage-school-bus-conversion
Modern Tiny Living Espresso,40000,"New Paris , Ohio, United States",New Paris ,Ohio,United States,Tiny House,Mobile,Used,1,1,1,130.0,20.0,8.0,3,0,36.0,https://tinyhouselistings.com/listings/modern-tiny-living
12x30 Cabin Shell,10381,"Jayton, Texas, United States",Jayton,Texas,United States,Tiny House,Stationary,Square Feet,0,0,0,360.0,30.0,12.0,5,0,4.0,https://tinyhouselistings.com/listings/12x30-cabin-shell
Tiny House on a 16×8 trailer,25000,"Bellingham, Washington, United States",Bellingham,Washington,United States,Tiny House,Mobile,New,1,0,1,128.0,16.0,8.0,5,0,30.0,https://tinyhouselistings.com/listings/tiny-house-on-a-16x8-trailer
Custom Gooseneck Tiny House,82000,"San Antonio, Texas, United States",San Antonio,Texas,United States,Tiny House,Mobile,Delivery Available,1,0,1,272.0,32.0,8.5,5,0,46.0,https://tinyhouselistings.com/listings/custom-gooseneck-tiny-house-tiny_house
Custom 20' PNW Tiny House,63250,"Twisp, Washington, United States",Twisp,Washington,United States,Tiny House,Mobile,Delivery Available,1,1,1,160.0,20.0,8.0,5,0,15.0,https://tinyhouselistings.com/listings/custom-20-pnw-tiny-house-tiny_house
35’ Gooseneck Tiny Home Frame,40000,"Placerville, California, United States",Placerville,California,United States,Tiny House,Mobile,Delivery Available,1,1,1,272.0,35.0,8.0,5,0,5.0,https://tinyhouselistings.com/listings/35-gooseneck-tiny-home-frame
Modern Farmhouse THOW,89000,"Senoia, Georgia, United States",Senoia,Georgia,United States,Tiny House,Mobile,Used,2,1,1,300.0,34.0,8.5,5,0,86.0,https://tinyhouselistings.com/listings/modern-farmhouse-thow
Lil Bear Tiny Homes The LakeShore 24',60000,"Goodar, Michigan, United States",Goodar,Michigan,United States,Tiny House,Mobile,Delivery Available,2,2,1,200.0,24.0,8.5,4,0,12.0,https://tinyhouselistings.com/listings/lil-bear-tiny-homes-the-lakeshore-24
Wonderful 18' Tiny Mountain House for sale!!,50000,"Ennis, Montana, United States",Ennis,Montana,United States,Tiny House,Mobile,Square Feet,1,1,1,216.0,18.0,8.6,7,0,42.0,https://tinyhouselistings.com/listings/wonderful-18-tiny-mountain-house-for-sale
Luxurious Tiny House With Attention To All Details,90000,"Hortonville, Wisconsin, United States",Hortonville,Wisconsin,United States,Tiny House,Mobile,Delivery Available,2,2,1,300.0,28.0,8.5,8,0,68.0,https://tinyhouselistings.com/listings/luxurious-tiny-with-attention-to-details
24' Modern Tiny House With Loft,65000,"Las Vegas, Nevada, United States",Las Vegas,Nevada,United States,Tiny House,Mobile,Delivery Available,1,1,1,206.0,24.0,8.5,8,0,52.0,https://tinyhouselistings.com/listings/24-modern-tiny-house-with-loft-tiny_house
Tiny Tulip 16' Tiny Home,32500,"Mobile, Alabama, United States",Mobile,Alabama,United States,Tiny House,Mobile,New,1,1,1,128.0,16.0,8.0,8,0,109.0,https://tinyhouselistings.com/listings/tiny-tulip-16-tiny-home
Fully Remodeled Tiny House on Wheels,20000,"Miami, Florida, United States",Miami,Florida,United States,Tiny House,Mobile,Used,1,0,1,90.0,7.5,12.0,9,0,78.0,https://tinyhouselistings.com/listings/fully-remodeled-tiny-house-on-wheels
Away We Go- 16' Modern Tiny House,32000,"Crystal River, Florida, United States",Crystal River,Florida,United States,Tiny House,Mobile,New,1,1,1,136.0,16.0,8.5,9,0,52.0,https://tinyhouselistings.com/listings/away-we-go-16-modern-tiny-house
Denver Unit,79900,"Las Vegas , Nevada, United States",Las Vegas ,Nevada,United States,Container Home,Stationary,New,1,0,1,240.0,30.0,8.0,9,0,30.0,https://tinyhouselistings.com/listings/denver-unit
12x32 Premier Lofted Barn Cabin (Mahogany & White trim and roof),25000,"Pine River, Wisconsin, United States",Pine River,Wisconsin,United States,Cabin,Stationary,New,1,2,0,384.0,32.0,12.0,10,0,36.0,https://tinyhouselistings.com/listings/12x32-premier-lofted-barn-cabin-mahogany-white-trim-and-roof
1 bed/1 bath Tiny House - 164 total sf by StouderHouse,54974,"Salado, Texas, United States",Salado,Texas,United States,Tiny House,Mobile,New,1,1,1,128.0,16.0,8.0,10,0,19.0,https://tinyhouselistings.com/listings/1-bed-1-bath-tiny-house-164-total-sf-by-stouderhouse
Rustic Colorado,64000,"Guffey, Colorado, United States",Guffey,Colorado,United States,Tiny House,Mobile,Used,1,1,1,365.0,38.0,12.0,9,0,48.0,https://tinyhouselistings.com/listings/rustic-colorado
Brand new 25' Park Model,30500,"Salem, Oregon, United States",Salem,Oregon,United States,Tiny House,Mobile,New,1,0,1,187.0,25.0,7.5,10,0,19.0,https://tinyhouselistings.com/listings/brand-new-25-park-model
Castle Tree House,58500,"Las Vegas , Nevada, United States",Las Vegas ,Nevada,United States,Container Home,Stationary,New,0,0,1,160.0,20.0,8.0,10,0,19.0,https://tinyhouselistings.com/listings/castle-tree-house
Gray's Unit,58900,"Las Vegas, Nevada, United States",Las Vegas,Nevada,United States,Container Home,Mobile,Delivery Available,1,0,1,160.0,20.0,8.0,10,0,43.0,https://tinyhouselistings.com/listings/gray-s-unit
Tiny Dream,59900,"Atlanta , Georgia, United States",Atlanta ,Georgia,United States,Tiny House,Mobile,New,2,2,1,288.0,24.0,13.5,11,0,119.0,https://tinyhouselistings.com/listings/tiny-dream
Two-story CABIN (HUNTING LOUNGE)_German style_Post & Beam,10000,"Woodruff, South Carolina, United States",Woodruff,South Carolina,United States,Cabin,Mobile,Used,1,1,0,400.0,20.0,10.0,11,0,21.0,https://tinyhouselistings.com/listings/two-story-cabin-hunting-lounge-_german-style_post-beam
Learning Pod / Study Pod - Can be easily converted into a Tiny Home,15000,"Lakewood, Colorado, United States",Lakewood,Colorado,United States,Tiny House,Stationary,New,0,0,0,96.0,12.0,8.0,11,0,14.0,https://tinyhouselistings.com/listings/learning-pod-study-pod-can-be-easily-converted-into-a-tiny-home
[Renovated] Keystone Cougar 5th Wheel Toy Hauler,46000,"Warner Robins, Georgia, United States",Warner Robins,Georgia,United States,RV,Mobile,Used,1,1,1,350.0,37.5,,12,0,121.0,https://tinyhouselistings.com/listings/renovated-keystone-cougar-5th-wheel-toy-hauler
24 Foot Tiny House on Wheels,60000,"GAINESVILLE, Florida, United States",GAINESVILLE,Florida,United States,Tiny House,Mobile,Square Feet,1,1,1,190.0,24.0,8.5,13,0,32.0,https://tinyhouselistings.com/listings/24-foot-tiny-house-on-wheels-tiny_house-purchase
Rustic and Charming 26' Tiny House,62500,"Indian Hills, Colorado, United States",Indian Hills,Colorado,United States,Tiny House,Mobile,Used,1,2,1,208.0,26.0,8.0,12,0,11.0,https://tinyhouselistings.com/listings/rustic
Self-Built Eco-Conscious Tiny Home on Wheels,33250,"Bloomington, Indiana, United States",Bloomington,Indiana,United States,Tiny House,Mobile,Used,1,1,1,180.0,24.0,8.5,14,0,46.0,https://tinyhouselistings.com/listings/self-built-eco-conscious-tiny-home-on-wheels-tiny_house-mobile
On/Off Grid Mobile Bathroom,14900,"Parker , Colorado, United States",Parker ,Colorado,United States,Other,Mobile,Delivery Available,0,0,1,30.0,7.5,4.5,14,0,11.0,https://tinyhouselistings.com/listings/on-off-grid-mobile-bathroom-other
Custom tiny in San Diego,85000,"San diego, California, United States",San diego,California,United States,Tiny House,Mobile,New,0,1,1,160.0,18.0,8.0,14,0,17.0,https://tinyhouselistings.com/listings/custom-tiny-in-san-diego
1999 Goshen Freightliner,37500,"Warrington, Pennsylvania, United States",Warrington,Pennsylvania,United States,Converted Bus,Mobile,Square Feet,1,0,1,180.0,30.0,8.0,14,0,56.0,https://tinyhouselistings.com/listings/1999-goshen-freightliner
Perfect Tiny Home with free lot rent for 1 year!,65000,"Eufaula, Alabama, United States",Eufaula,Alabama,United States,Tiny House,Mobile,Comes With Land,0,1,1,192.0,24.0,8.0,15,0,61.0,https://tinyhouselistings.com/listings/perfect-tiny-home-with-free-lot-rent-for-1-year
Adorable Cottage,40000,"Sanford, Florida, United States",Sanford,Florida,United States,Tiny House,Mobile,Used,0,1,1,200.0,20.0,8.0,16,0,44.0,https://tinyhouselistings.com/listings/adorable-cottage
"Adorable 18' Tiny House With Loft, Hand Built",33000,"Greer, South Carolina, United States",Greer,South Carolina,United States,Tiny House,Mobile,Delivery Available,1,1,1,144.0,18.0,8.0,16,0,66.0,https://tinyhouselistings.com/listings/adorable-18-tiny-house-with-loft-hand-built
All Aluminium Solar 2020 Everlite 7X16 Cargo Trailer Tiny Home,21000,"Fairview, Utah, United States",Fairview,Utah,United States,Camper,Mobile,New,1,0,1,120.0,7.0,16.0,17,0,15.0,https://tinyhouselistings.com/listings/all-aluminium-solar-2020-everlite-7x16-cargo-trailer-tiny-home
Take A Trainride - High End Custom Built Tiny House For Sale,110000,"Mound House, Nevada, United States",Mound House,Nevada,United States,Tiny House,Mobile,Used,1,0,1,242.0,28.5,8.5,16,0,26.0,https://tinyhouselistings.com/listings/take-a-trainride-high-end-custom-built-tiny-house-for-sale
1959 Spartan Imperial Mansion,250000,"Jackson, Wyoming, United States",Jackson,Wyoming,United States,RV,Mobile,Used,1,0,1,320.0,40.0,8.0,17,0,25.0,https://tinyhouselistings.com/listings/1959-spartan-imperial-mansion
George - B-hotel is the new CAMPER!,64000,"Las Vegas , Nevada, United States",Las Vegas ,Nevada,United States,Camper,Mobile,Used,1,0,1,110.0,23.0,9.0,17,0,75.0,https://tinyhouselistings.com/listings/george-b-hotel-is-the-new-camper
Yurt Life... Live the Dream in this 30' 706sf Complete Roundhouse!,14500,"Libertytown, Maryland, United States",Libertytown,Maryland,United States,Other,Stationary,Used,1,0,1,706.0,,,18,0,31.0,https://tinyhouselistings.com/listings/yurt-life-live-the-dream-in-this-30-706sf-roundhouse
The little traveler: Jet 1966 travel trailer,6800,"Madrid, New Mexico, United States",Madrid,New Mexico,United States,RV,Mobile,Square Feet,0,0,0,91.0,13.0,7.0,18,0,43.0,https://tinyhouselistings.com/listings/the-little-traveler-jet-1966-travel-trailer
Majestic Tiny Home Ready For Your Enjoyment,25000,"Moneta, Virginia, United States",Moneta,Virginia,United States,Other,Stationary,Used,1,1,1,240.0,20.0,12.0,6,0,29.0,https://tinyhouselistings.com/listings/majestic-tiny-home-ready-for-your-enjoyment
Duramax Insulated Building. Cabin/Office/SHE Shed,4310,"Los Angeles, California, United States",Los Angeles,California,United States,Tiny House Shell,Stationary,New,0,0,0,160.0,16.0,10.0,19,0,10.0,https://tinyhouselistings.com/listings/duramax-insulated-building-cabin-office-she-shed
Vintage Shasta with land on lake community,35000,"Westminster , South Carolina, United States",Westminster ,South Carolina,United States,Other,Stationary,Comes With Land,0,0,1,160.0,18.0,8.0,19,0,15.0,https://tinyhouselistings.com/listings/vintage-shasta-with-land-on-lake-community
Off-Grid Escape One with 2 bedrooms,80000,"Evergreen, Colorado, United States",Evergreen,Colorado,United States,RV,Mobile,Dual Lofts,2,2,1,280.0,,,19,0,65.0,https://tinyhouselistings.com/listings/off-grid-escape-with-2-bedrooms
SoCal Tiny Home on Wheels,70000,"Oxnard, California, United States",Oxnard,California,United States,Tiny House,Mobile,Used,2,2,1,288.0,36.0,8.0,19,0,15.0,https://tinyhouselistings.com/listings/socal-tiny-home-on-wheels
Custom Camper / Tiny House,39900,"San Diego, California, United States",San Diego,California,United States,Camper,Mobile,Used,1,0,1,286.0,35.0,8.5,19,0,89.0,https://tinyhouselistings.com/listings/custom-camper-tiny-house
"Fully insulated mobile studio, shed or office",12000,"Redmond, Washington, United States",Redmond,Washington,United States,Tiny House,Stationary,New,1,0,0,112.0,14.0,8.0,18,0,21.0,https://tinyhouselistings.com/listings/fully-insulated-mobile-studio-shed-or-office
CLC Teardrop,13500,"Bend, Oregon, United States",Bend,Oregon,United States,Camper,Mobile,Used,0,0,0,75.0,12.5,6.0,20,0,21.0,https://tinyhouselistings.com/listings/clc-teardrop
"2 bedroom, 31' tiny house on wheels for sale",100000,"Portland, Oregon, United States",Portland,Oregon,United States,Tiny House,Mobile,Used,2,1,1,300.0,31.0,8.5,19,0,130.0,https://tinyhouselistings.com/listings/2-bedroom-31-tiny-house-for-sale
"32' Land Yacht, 1945 Monk Tri-Cabin",2500,"olympia, Washington, United States",olympia,Washington,United States,Boat,Stationary,Used,2,0,0,140.0,32.0,10.0,20,0,7.0,https://tinyhouselistings.com/listings/32-land-yacht-1945-monk-tri-cabin
Angela,15000,"Culpeper , Virginia, United States",Culpeper ,Virginia,United States,Tiny House,Stationary,New,1,0,1,336.0,24.0,14.0,21,0,14.0,https://tinyhouselistings.com/listings/angela
Tiny Boutique,35900,"Chehalis, Washington, United States",Chehalis,Washington,United States,Other,Mobile,New,0,0,0,192.0,24.0,8.5,21,0,36.0,https://tinyhouselistings.com/listings/tiny-boutique-other
30' Tiny House By LifESCAPE Builders Inc.,75000,"Temecula, California, United States",Temecula,California,United States,Tiny House,Mobile,Delivery Available,1,1,1,340.0,30.0,8.5,21,0,157.0,https://tinyhouselistings.com/listings/30-tiny-house-by-lifescape-builders-inc
Twisted Branch 24' Tiny House,69500,"DURANGO, Colorado, United States",DURANGO,Colorado,United States,Tiny House,Mobile,Comes With Land,2,2,1,204.0,24.0,8.5,9,0,41.0,https://tinyhouselistings.com/listings/tiny_house-65b70e1f-963a-4d41-a5e1-0378993063be
Colorado Comfort 22' Tiny House,49500,"Denver, Colorado, United States",Denver,Colorado,United States,Tiny House,Mobile,Used,1,1,1,187.0,22.0,8.5,21,0,62.0,https://tinyhouselistings.com/listings/colorado-comfort-22-tiny-house-tiny_house
Michigan tiny house 18ft,30000,"Whitmore lake , Michigan, United States",Whitmore lake ,Michigan,United States,Tiny House,Mobile,Used,0,2,1,130.0,18.0,8.0,21,0,26.0,https://tinyhouselistings.com/listings/michigan-tiny-house-18ft
ATLAS d.o.o Modern Living Houses,24800,"Podgorica, Podgorica, Montenegro",Podgorica,Podgorica,Montenegro,Tiny House,Mobile,Delivery Available,2,2,1,522534.03117917344,,,23,0,48.0,https://tinyhouselistings.com/listings/atlas-d-o-o-modern-living-houses
"Mobile Tiny Home - Fully Converted School Bus For Sale - $79,000 / OBO",79000,"NORTH PLAINS, Oregon, United States",NORTH PLAINS,Oregon,United States,Converted Bus,Mobile,Used,1,0,1,250.0,36.0,7.5,25,0,54.0,https://tinyhouselistings.com/listings/mobile-converted-school-bus-for-sale-converted_bus
Silver Sparrow-37' Double Loft Tiny House,59500,"Boaz, Alabama, United States",Boaz,Alabama,United States,Tiny House,Mobile,New,2,2,1,207.0,37.0,8.5,25,0,265.0,https://tinyhouselistings.com/listings/silver-sparrow-37-double-loft-tiny-house
20' Custom Charming + Functional Tiny House w/ LOFT,39995,"Middleboro, Massachusetts, United States",Middleboro,Massachusetts,United States,Tiny House,Mobile,Delivery Available,0,1,1,160.0,20.0,8.0,26,0,89.0,https://tinyhouselistings.com/listings/20-custom-charming-functional-tiny-house-w-loft
2007 Thomas bus D7 Motor Allison Transmission Rear Pusher 75 mph No Govner,38000,"San Antonio, Texas, United States",San Antonio,Texas,United States,Converted Bus,Mobile,Square Feet,1,0,1,225.0,,,29,0,10.0,https://tinyhouselistings.com/listings/2007-thomas-bus-d7-motor-allison-transmission-rear-pusher-75-mph-no-govner
The Pioneer 24' Tiny House,58000,"Chandler, Oklahoma, United States",Chandler,Oklahoma,United States,Tiny House,Mobile,Used,2,2,1,192.0,24.0,8.0,29,0,113.0,https://tinyhouselistings.com/listings/the-pioneer-24-tiny-house
Zeus - 24' Tiny House,69000,"Sachse, Texas, United States",Sachse,Texas,United States,Tiny House,Mobile,New,1,1,1,192.0,24.0,8.0,30,0,85.0,https://tinyhouselistings.com/listings/zeus-24-tiny-house
Athena - 24' Tiny House,59800,"Sachse, Texas, United States",Sachse,Texas,United States,Tiny House,Mobile,New,1,1,1,192.0,24.0,8.0,30,0,175.0,https://tinyhouselistings.com/listings/athena-24-tiny-house
"Land in Moravian Falls, NC to park your Tiny Home/ RV",400,"wilkesboro, North Carolina, United States",wilkesboro,North Carolina,United States,Parking,Stationary,Square Feet,0,0,0,0.0,,,30,0,24.0,https://tinyhouselistings.com/listings/land-in-moravian-falls-nc-to-park-your-tiny-home-rv
2002 Thomas Renovated Skoolie,45000,"Fort Lauderdale, Florida, United States",Fort Lauderdale,Florida,United States,Converted Bus,Mobile,Square Feet,0,0,0,30.0,35.0,7.5,30,0,37.0,https://tinyhouselistings.com/listings/2002-thomas-renovated-skoolie
Custom 8x40 converted shipping container Tiny Home/Cabin (320 sqft).,35000,"Vernon, Arizona, United States",Vernon,Arizona,United States,Container Home,Mobile,Delivery Available,1,0,1,320.0,40.0,8.0,31,0,13.0,https://tinyhouselistings.com/listings/custom-8x40-converted-shipping-container-tiny-home-cabin-320-sqft
Lil Blue 20' Tiny House,35900,"Ankeny, Iowa, United States",Ankeny,Iowa,United States,Tiny House,Mobile,Used,0,1,1,160.0,20.0,8.0,31,0,52.0,https://tinyhouselistings.com/listings/lil-blue-20-tiny-house
185sq.ft. Tiny House on Wheels,65000,"Encinitas, San Diego, California, United States",Encinitas,San Diego,California,Tiny House,Mobile,Delivery Available,1,1,1,160.0,20.0,8.0,4,0,24.0,https://tinyhouselistings.com/listings/185sq-ft-tiny-house-on-wheels
The Rendezvous Tiny House,65000,"Salida, Colorado, United States",Salida,Colorado,United States,Tiny House,Mobile,Square Feet,2,1,1,216.0,27.0,8.0,32,0,92.0,https://tinyhouselistings.com/listings/the-rendezvous-tiny-house
Remodeled 2016 Travel Trailer,19000,"Madison, Wisconsin, United States",Madison,Wisconsin,United States,Camper,Mobile,Delivery Available,1,0,1,240.0,29.0,8.0,33,0,99.0,https://tinyhouselistings.com/listings/remodeled-2016-travel-trailer
Single wide home coverted into ty house,45000,"Lake Elizabeth , California, United States",Lake Elizabeth ,California,United States,Tiny House,Mobile,Delivery Available,2,0,1,720.0,60.0,12.0,34,0,6.0,https://tinyhouselistings.com/listings/single-wide-home-coverted-into-ty-house
The Burrow- 24' Tiny Home,54500,"Provo, Utah, United States",Provo,Utah,United States,Tiny House,Mobile,New,1,2,1,204.0,24.0,8.5,35,0,125.0,https://tinyhouselistings.com/listings/pure-simplicity-24-tiny-house
Need a Place for Your Tiny Home or Park Model in San Diego?,1000,"Ramona, California, United States",Ramona,California,United States,Parking,Stationary,Square Feet,0,0,0,0.0,,,36,0,17.0,https://tinyhouselistings.com/listings/need-a-place-for-your-tiny-home-or-park-model-in-san-diego
"Immaculate, brand new custom built 28' Tiny Home",70000,"Driftwood, Texas, United States",Driftwood,Texas,United States,Tiny House,Mobile,New,2,2,1,238.0,28.0,8.5,19,0,147.0,https://tinyhouselistings.com/listings/immaculate-brand-new-custom-built-28-tiny-home
The Loft Edition,82534,"Delta, British Columbia, Canada",Delta,British Columbia,Canada,RV,Mobile,Delivery Available,3,2,1,289.0,34.0,8.5,37,0,258.0,https://tinyhouselistings.com/listings/the-loft-edition
The Napa Edition,68239,"Delta, British Columbia, Canada",Delta,British Columbia,Canada,RV,Mobile,Delivery Available,1,1,1,221.0,26.0,8.5,37,0,146.0,https://tinyhouselistings.com/listings/the-napa-edition
20' Steel Frame Tiny House By Contractor,42000,"Montplier, Vermont, United States",Montplier,Vermont,United States,Tiny House,Mobile,Delivery Available,1,1,1,160.0,20.0,8.0,39,0,44.0,https://tinyhouselistings.com/listings/20-steel-frame-tiny-house-by-contractor
NORDIC&SPRUCE: Studio Model.,16800,"Monterey , Tennessee, United States",Monterey ,Tennessee,United States,Tiny House,Stationary,New,1,1,1,128.0,16.0,8.0,39,0,78.0,https://tinyhouselistings.com/listings/nordic-spruce-studio-model
Ford E-450 Shuttle Bus Conversion,11500,"Los Angeles , California, United States",Los Angeles ,California,United States,RV,Mobile,Used,1,0,0,140.0,,,39,0,33.0,https://tinyhouselistings.com/listings/ford-e-450-shuttle-bus-conversion
Ply-Pop Camper,10000,"McGregor , Minnesota, United States",McGregor ,Minnesota,United States,Tiny House,Mobile,Square Feet,0,0,0,40.0,8.0,5.0,39,0,5.0,https://tinyhouselistings.com/listings/ply-pop-camper
"Spectacular Off-Grid, Eco, Solar, Amazing Wood Tiny House Eye Candy!",49900,"Ft, Pierce, Florida, United States",Ft,Pierce,Florida,Tiny House,Mobile,New,1,2,1,200.0,19.0,8.0,40,0,179.0,https://tinyhouselistings.com/listings/spectacular-off-grid-eco-solar-amazing-wood-tiny-house-eye-candy
Luxury Tiny House Cabin/ Extreme RV,34900,"Bismarck, North Dakota, United States",Bismarck,North Dakota,United States,Tiny House,Mobile,Used,3,2,2,424.0,53.0,8.0,40,0,67.0,https://tinyhouselistings.com/listings/luxury-tiny-house-cabin-extreme-rv
Little Red RV Tiny House For Sale,57000,"Madison, Wisconsin, United States",Madison,Wisconsin,United States,RV,Mobile,Used,0,2,1,192.0,24.0,8.0,42,0,14.0,https://tinyhouselistings.com/listings/little-red-rv-tiny-house-for-sale
The Tiniest Tiny,9500,"San Jose, California, United States",San Jose,California,United States,Tiny House,Mobile,Used,1,0,1,60.0,10.0,6.0,42,0,65.0,https://tinyhouselistings.com/listings/the-tiniest-tiny
Looking Glass,57500,"Asheville, North Carolina, United States",Asheville,North Carolina,United States,Tiny House,Mobile,Used,1,1,1,192.0,24.0,8.0,40,0,144.0,https://tinyhouselistings.com/listings/looking-glass
Affordable Quality 20' Complete 208 sq ft. (Optional 100% Off -Grid Model),34999,"Madison, Georgia, United States",Madison,Georgia,United States,Tiny House,Mobile,Delivery Available,1,1,1,208.0,20.0,8.0,42,0,143.0,https://tinyhouselistings.com/listings/20-complete-208-sq-ft-optional-100-off-grid-model
Gorgeous Handmade 12' Wide Tiny Home OBO,60000,"Iron Station, North Carolina, United States",Iron Station,North Carolina,United States,Tiny House,Mobile,Delivery Available,0,0,1,240.0,20.0,12.0,42,0,20.0,https://tinyhouselistings.com/listings/gorgeous-handmade-12-wide-tiny-home
Bright & Spacious Park Model Tiny Home!,79900,"Travelers Rest, South Carolina, United States",Travelers Rest,South Carolina,United States,Park Model,Mobile,Square Feet,1,0,1,399.0,42.0,11.33,44,0,206.0,https://tinyhouselistings.com/listings/bright-spacious-park-model-tiny-home
"Almost new, spacious and bright tiny home!",75000,"Santa Paula, California, United States",Santa Paula,California,United States,Tiny House,Mobile,Used,2,1,1,300.0,22.0,8.0,42,0,70.0,https://tinyhouselistings.com/listings/almost-new-spacious-and-bright-tiny-home
Brand New and Affordable Shipping Container House,21500,"San Antonio, Texas, United States",San Antonio,Texas,United States,Container Home,Mobile,Delivery Available,1,0,1,320.0,40.0,8.0,44,0,79.0,https://tinyhouselistings.com/listings/brand-new-and-affordable-shipping-container-house
All new interior 2020,46000,"Berkley Springs, West Virginia, United States",Berkley Springs,West Virginia,United States,Tiny House,Mobile,New,0,2,1,160.0,20.0,8.0,44,0,70.0,https://tinyhouselistings.com/listings/all-new-interior-2020
The Cedar Queen 28' Tiny House,89500,"Lyons, Colorado, United States",Lyons,Colorado,United States,Tiny House,Mobile,Used,1,2,1,238.0,28.0,8.5,45,0,170.0,https://tinyhouselistings.com/listings/the-cedar-queen-28-tiny-house
"Priced to sell, nearly new Tiny House",42500,"Everson, Washington, United States",Everson,Washington,United States,Tiny House,Mobile,Used,0,1,1,175.0,20.0,8.5,47,0,71.0,https://tinyhouselistings.com/listings/ready-to-hit-the-road
Mint Julep 28' Tiny House,69500,"Flat Rock, North Carolina, United States",Flat Rock,North Carolina,United States,Tiny House,Mobile,Comes With Land,1,2,1,238.0,28.0,8.5,48,0,155.0,https://tinyhouselistings.com/listings/mint-julep-28-tiny-house
Gorgeous New 24' Tiny House,48000,"Southport, North Carolina, United States",Southport,North Carolina,United States,Tiny House,Mobile,New,1,1,1,208.0,24.0,8.5,49,0,88.0,https://tinyhouselistings.com/listings/gorgeous-new-24-tiny-house
Newly Renovated 1987 Airstream Excella Tiny Home,49900,"Efland, North Carolina, United States",Efland,North Carolina,United States,Camper,Mobile,Square Feet,1,0,1,230.0,30.0,8.0,49,0,121.0,https://tinyhouselistings.com/listings/newly-renovated-1987-airstream-excella-tiny-home
Tiny House in a Toterhome,125000,"Lubbock, Texas, United States",Lubbock,Texas,United States,RV,Mobile,Delivery Available,1,1,1,292.0,30.0,8.0,49,0,70.0,https://tinyhouselistings.com/listings/tiny-house-in-a-toterhome
Tiny Home Office,13500,"elgin, Illinois, United States",elgin,Illinois,United States,Tiny House,Mobile,Delivery Available,0,0,0,96.0,12.0,8.0,50,0,41.0,https://tinyhouselistings.com/listings/tiny-home-office
VW Eurovan Conversion,25000,"Albany, California, United States",Albany,California,United States,Camper,Mobile,Delivery Available,1,0,0,32.0,,,50,0,57.0,https://tinyhouselistings.com/listings/vw-eurovan-conversion
Beautiful skoolie RV,45000,"Austin, Texas, United States",Austin,Texas,United States,Converted Bus,Mobile,Used,1,1,1,250.0,40.0,9.0,52,0,157.0,https://tinyhouselistings.com/listings/beautiful-skoolie-rv
320sqft Shed Conversion - off-grid compatible Tiny House,22500,"Jasper, Georgia, United States",Jasper,Georgia,United States,Tiny House,Mobile,Delivery Available,0,2,1,200.0,20.0,10.0,48,0,111.0,https://tinyhouselistings.com/listings/320sqft-shed-conversion-off-grid-compatible-tiny-house
2019 Elm Equator,80000,"Hastings, Florida, United States",Hastings,Florida,United States,Tiny House,Mobile,Used,2,1,1,260.0,26.0,8.0,55,0,50.0,https://tinyhouselistings.com/listings/2019-elm-equator
Custom 12X32 Lofted Barn Style Cabin,35000,"Lady Lake, Florida, United States",Lady Lake,Florida,United States,Tiny House,Stationary,New,2,2,1,384.0,32.0,12.0,54,0,50.0,https://tinyhouselistings.com/listings/custom-tiny-homes-tiny_house-stationary
2011 18’ Tiny Home Hand Built Fixer Upper,9000,"Traverse City, Michigan, United States",Traverse City,Michigan,United States,Tiny House,Mobile,Used,0,1,1,144.0,18.0,8.0,53,0,39.0,https://tinyhouselistings.com/listings/2011-18-tiny-home-hand-built-fixer-upper
Sleek and Sunny 26' Tumbleweed Tiny Home,73000,"Middleboro, Massachusetts, United States",Middleboro,Massachusetts,United States,Tiny House,Mobile,Delivery Available,2,1,1,314.0,26.0,8.6,57,0,128.0,https://tinyhouselistings.com/listings/beautiful-26-tumbleweed-tinyhome-farallon-alta
Custom Go-Anywhere Tiny House,99500,"Conifer, Colorado, United States",Conifer,Colorado,United States,Tiny House,Mobile,Delivery Available,2,1,1,240.0,30.0,8.0,57,0,160.0,https://tinyhouselistings.com/listings/custom-go-anywhere-tiny-house
Wanderlust tiny house - NOAH certified,30000,"Northwood, Ohio, United States",Northwood,Ohio,United States,Tiny House,Mobile,Used,1,1,1,160.0,8.0,20.0,57,0,167.0,https://tinyhouselistings.com/listings/wanderlust-tiny-house-noah-certified
Professionally built tiny house with attached porch!,30000,"Catskill, New York, United States",Catskill,New York,United States,Tiny House,Mobile,Dual Lofts,1,2,1,160.0,20.0,8.0,57,0,165.0,https://tinyhouselistings.com/listings/professionally-built-tiny-house-with-attached-porch
"Brand New Cottage! Near Beaches! $29,900! 55+ Community",29900,"Clearwater, Florida, United States",Clearwater,Florida,United States,Park Model,Stationary,New,1,0,1,384.0,32.0,12.0,60,0,40.0,https://tinyhouselistings.com/listings/brand-new-cottage-near-beaches-29-900-55-community
"2019 16x8 tiny house shell, 90% complete.",10000,"Bayfield, Colorado, United States",Bayfield,Colorado,United States,Tiny House Shell,Mobile,Square Feet,0,0,0,128.0,16.0,8.0,60,0,36.0,https://tinyhouselistings.com/listings/2019-16x8-tiny-house-shell-90-complete
"Custom Built Tiny House , Delivery Available",39000,"Pepin, Wisconsin, United States",Pepin,Wisconsin,United States,Tiny House,Mobile,Delivery Available,0,1,1,144.0,18.0,7.0,62,0,95.0,https://tinyhouselistings.com/listings/custom-built-tiny-house-delivery-available
$800 / 180ft2 - RV / Tiny House parking space available (east palo alto),800,"East Palo Alto, California, United States",East Palo Alto,California,United States,Parking,Stationary,Comes With Land,0,0,0,250.0,10.0,30.0,62,0,11.0,https://tinyhouselistings.com/listings/800-180ft2-rv-tiny-house-parking-space-available-east-palo-alto
Work From Home Container Office,25000,"Sacramento, California, United States",Sacramento,California,United States,Tiny House,Stationary,New,1,0,0,126.0,20.0,8.0,63,0,31.0,https://tinyhouselistings.com/listings/work-from-home-container-office-other
Luxury Tiny House,125000,"Columbus, Ohio, United States",Columbus,Ohio,United States,Tiny House,Mobile,Delivery Available,1,1,1,315.0,32.0,8.5,63,0,203.0,https://tinyhouselistings.com/listings/luxury-tiny-house-with-sleeping-downstairs
Tiny House with all the features of a big Home,105000,"Winslow, Arkansas, United States",Winslow,Arkansas,United States,Tiny House,Stationary,Used,2,1,1,406.0,29.0,14.0,64,0,108.0,https://tinyhouselistings.com/listings/tiny-house-with-all-the-features-of-a-big-home
Brand New Container Home,40000,"Darien, Georgia, United States",Darien,Georgia,United States,Container Home,Stationary,New,1,0,1,320.0,40.0,8.0,65,0,348.0,https://tinyhouselistings.com/listings/brand-new-container-home
"Premium 28’ Tiny Travel Home - 4 Seasons Living, Guest Suite, Office, Off Grid Capable",74900,"Vancouver, British Columbia, Canada",Vancouver,British Columbia,Canada,Tiny House,Mobile,Delivery Available,1,1,1,235.0,28.0,8.5,66,0,67.0,https://tinyhouselistings.com/listings/bohemian-renegade-2-0
Chef's dream tiny home!,85000,"Glenwood Springs, Colorado, United States",Glenwood Springs,Colorado,United States,Tiny House,Mobile,Square Feet,1,1,1,220.0,26.0,8.5,63,0,36.0,https://tinyhouselistings.com/listings/chef-s-dream-tiny-home
Skoolie Home for Sale!,34999,"San Antonio, Texas, United States",San Antonio,Texas,United States,Converted Bus,Mobile,New,1,1,1,210.0,30.0,7.8,72,0,67.0,https://tinyhouselistings.com/listings/skoolie-for-conversion
"Just Built, Brand NEW 20' THOW For Sale",59000,"Tacoma, Washington, United States",Tacoma,Washington,United States,Tiny House,Mobile,New,0,1,1,288.0,20.0,8.0,73,0,39.0,https://tinyhouselistings.com/listings/just-built-brand-new-thow-for-sale
"Tiny House ""Berryessa"" by Petite Maison living",49900,"Napa, California, United States",Napa,California,United States,Tiny House,Mobile,New,2,1,1,240.0,30.0,8.0,73,0,357.0,https://tinyhouselistings.com/listings/tiny-house-berryessa-by-petite-maison-living
The Orca Tiny Home,120000,"Portland , Oregon, United States",Portland ,Oregon,United States,Tiny House,Mobile,New,2,2,1,240.0,30.0,8.5,74,0,120.0,https://tinyhouselistings.com/listings/the-orca-tiny-home
"Beautiful Spacious 3 Bedroom, 1.5 Bath Tiny Home",100000,"Tualatin, Oregon, United States",Tualatin,Oregon,United States,Tiny House,Mobile,Delivery Available,3,0,2,381.0,41.0,9.5,75,0,165.0,https://tinyhouselistings.com/listings/now-this-is-livin-too-tiny_house
Furnished tiny home with trailer,26500,"Austin, Texas, United States",Austin,Texas,United States,Tiny House,Mobile,Used,1,1,1,127.0,16.8,7.6,76,0,197.0,https://tinyhouselistings.com/listings/furnished-tiny-home-with-trailer
Breathtaking 34' Gooseneck Tiny House with Parking,110000,"Durango, Colorado, United States",Durango,Colorado,United States,Tiny House,Mobile,Comes With Land,2,0,1,292.0,34.0,8.6,78,0,293.0,https://tinyhouselistings.com/listings/breathtaking-34-gooseneck-tiny-house-with-parking
Your Dream Skoolie Tiny Home is in Boulder CO,35000,"Boulder, Colorado, United States",Boulder,Colorado,United States,Converted Bus,Mobile,Used,1,0,1,196.0,40.0,8.5,78,0,84.0,https://tinyhouselistings.com/listings/your-dream-skoolie-tiny-home-is-in-boulder-co
Ambulance Conversion Van - 1994 Ford E350,12500,"Branford, Connecticut, United States",Branford,Connecticut,United States,Converted Bus,Mobile,Delivery Available,1,0,1,100.0,11.0,7.0,80,0,25.0,https://tinyhouselistings.com/listings/ambulance-conversion-van-1994-ford-e350
Tiny house. Dried in. You finish.,24000,"West Haven, Utah, United States",West Haven,Utah,United States,Tiny House Shell,Mobile,Dual Lofts,2,2,1,252.0,33.6,8.0,85,0,204.0,https://tinyhouselistings.com/listings/tiny-house-dried-in-you-finish
8X26 Tiny House,39000,"san diego, California, United States",san diego,California,United States,Tiny House,Mobile,Delivery Available,1,2,1,262.0,8.5,26.0,85,0,246.0,https://tinyhouselistings.com/listings/custom-tiny-house-8-5-x-26-trailer-hardwoods-bathroom-kitchen
Charming Tiny House With Many Extras,44950,"Ringgold, Georgia, United States",Ringgold,Georgia,United States,Tiny House,Mobile,New,1,1,1,160.0,20.0,8.0,87,0,234.0,https://tinyhouselistings.com/listings/charming-tiny-house-with-many-extras
Custom Tumbleweed Cypress,49500,"Bloomington, Indiana, United States",Bloomington,Indiana,United States,Tiny House,Mobile,Used,0,2,1,288.0,24.0,8.0,88,0,175.0,https://tinyhouselistings.com/listings/custom-tumbleweed-cypress
Modern Tiny House,48000,"Portland, Oregon, United States",Portland,Oregon,United States,Tiny House,Mobile,Used,0,1,1,200.0,20.0,8.0,71,0,92.0,https://tinyhouselistings.com/listings/modern-tiny-house-30cb77c6-0394-4ad5-a8e5-62e6e610d754
Dreamcatcher,95000,"Jacksboro, Texas, United States",Jacksboro,Texas,United States,Tiny House,Mobile,New,2,1,1,320.0,32.0,8.0,90,0,84.0,https://tinyhouselistings.com/listings/dreamcatcher
"Rough Electrical, Plumbing, & Framed Container Home",14800,"Elwood , Utah, United States",Elwood ,Utah,United States,Container Home,Mobile,Delivery Available,2,0,1,320.0,40.0,8.0,91,0,55.0,https://tinyhouselistings.com/listings/rough-electrical-plumbing-framed-container-home
New Container Home,55000,"Miami, Florida, United States",Miami,Florida,United States,Container Home,Mobile,Delivery Available,2,0,2,424.0,53.0,8.0,92,0,250.0,https://tinyhouselistings.com/listings/new-container-home-container_home
New Affordable Container Home,40000,"Miami, Florida, United States",Miami,Florida,United States,Tiny House,Mobile,Delivery Available,1,0,1,320.0,40.0,8.0,92,0,283.0,https://tinyhouselistings.com/listings/new-container-home
"Tiny House Parking Spot w/Water, Electric, Sewer Hookup",350,"Calera, Alabama, United States",Calera,Alabama,United States,Parking,Stationary,Square Feet,0,0,0,0.0,,,92,0,42.0,https://tinyhouselistings.com/listings/tiny-house-parking-spot-w-water-electric-sewer-hookup
Beautiful Tiny Home with Smart Technology,65000,"Conroe, Texas, United States",Conroe,Texas,United States,Tiny House,Stationary,Used,1,1,1,399.0,26.0,15.0,92,0,72.0,https://tinyhouselistings.com/listings/beautiful-tiny-home-with-smart-technology
Rail road caboose tiny house,80000,"Pensacola, Florida, United States",Pensacola,Florida,United States,Other,Mobile,Used,1,2,1,431.0,41.0,10.6,93,0,24.0,https://tinyhouselistings.com/listings/rail-road-caboose-tiny-house
Modern Tiny House in wheels for sale professionally built,69000,"Laredo, Texas, United States",Laredo,Texas,United States,Tiny House Trailer,Mobile,New,1,2,1,195.0,24.0,8.0,93,0,280.0,https://tinyhouselistings.com/listings/modern-tiny-house-in-wheels-for-sale-professionally-built-tiny_house_trailer
Duramax Gable Roof Tiny House/Insulated Building 8.5' x 26',9999,"Commerce, California, United States",Commerce,California,United States,Tiny House,Stationary,New,0,1,0,240.0,26.4,8.5,93,0,20.0,https://tinyhouselistings.com/listings/duramax-gable-roof-tiny-house-insulated-building-8-5-x-26
Affordable 20' Container on Wheels With French Doors,20000,"Elwood, Utah, United States",Elwood,Utah,United States,Container Home,Mobile,Delivery Available,1,1,1,160.0,20.0,8.0,94,0,131.0,https://tinyhouselistings.com/listings/affordable-20-container-on-wheels-with-french-doors
Tiny House trailer proffesionally built DOT for tiny house,6000,"Laredo, Texas, United States",Laredo,Texas,United States,Tiny House Trailer,Mobile,Delivery Available,0,0,0,192.0,24.0,8.0,95,0,29.0,https://tinyhouselistings.com/listings/tiny-house-trailer-proffesionally-built-dot-for-tiny-house
Ready to Roll Repurposed Horse Trailer,15000,"Naples , Florida, United States",Naples ,Florida,United States,Camper,Mobile,Delivery Available,1,0,1,102.0,17.0,6.0,96,0,232.0,https://tinyhouselistings.com/listings/ready-to-roll-repurposed-horse-trailer
24' Tiny Home with Open Floor Plan and Loft Bedroom,47900,"Conroe, Texas, United States",Conroe,Texas,United States,Tiny House,Mobile,Delivery Available,1,1,1,204.0,24.0,8.5,96,0,347.0,https://tinyhouselistings.com/listings/24-tiny-home-with-open-floor-plan-and-loft-bedroom
"Tiny house kab'inn joy / minimalist, modern, mobile, eco, turnkey",47960,"Sofia, Sofia-Grad, Bulgaria",Sofia,Sofia-Grad,Bulgaria,Tiny House,Mobile,Delivery Available,1,0,1,3413816921.383843,105377.43612159154,34231.359195747376,96,0,170.0,https://tinyhouselistings.com/listings/tiny-house-kab-inn-joy-minimalist-modern-mobile-eco-turnkey
Move in ready Tiny Home,38000,"Dinuba , California, United States",Dinuba ,California,United States,Container Home,Stationary,Square Feet,0,1,1,144.0,18.0,8.0,99,0,24.0,https://tinyhouselistings.com/listings/move-in-ready-tiny-home
Brand New Luxury Container Home,65000,"Royse City, Texas, United States",Royse City,Texas,United States,Container Home,Stationary,New,1,0,1,320.0,40.0,8.0,100,0,70.0,https://tinyhouselistings.com/listings/brand-new-luxury-container-home
2018 Cabin Home for sale,43000,"Wink, Texas, United States",Wink,Texas,United States,Other,Stationary,Used,1,2,1,300.0,32.0,12.0,100,0,17.0,https://tinyhouselistings.com/listings/2018-cabin-home-for-sale
Brand New Luxury Tiny Home For Sale,85000,"Hildale, Utah, United States",Hildale,Utah,United States,Tiny House,Mobile,Delivery Available,1,2,1,200.0,20.0,8.5,103,0,315.0,https://tinyhouselistings.com/listings/brand-new-luxury-tiny-home-for-sale
La Canada Adventurer 1948 travel trailer,9800,"Madrid, New Mexico, United States",Madrid,New Mexico,United States,RV,Mobile,Square Feet,1,0,0,170.0,19.0,9.0,104,0,93.0,https://tinyhouselistings.com/listings/la-canada-adventurer-1948-travel-trailer
Great Tiny House with Big Kitchen!,80000,"Medford , New York, United States",Medford ,New York,United States,Tiny House,Mobile,Delivery Available,0,1,1,200.0,24.0,8.0,104,0,125.0,https://tinyhouselistings.com/listings/great-tiny-house-with-big-kitchen
Cabin Style 24' Tiny House - Reduced price!,54000,"Chattanooga, Tennessee, United States",Chattanooga,Tennessee,United States,Tiny House,Mobile,Delivery Available,2,1,1,220.0,24.0,8.0,105,0,45.0,https://tinyhouselistings.com/listings/affordable-tiny-house-reduced-price-49d54732-c764-4a17-93c1-f45b845c7b07
"Handcrafted Tiny Guest House for Sale $30,000",30000,"Windsor, California, United States",Windsor,California,United States,Tiny House,Mobile,Used,1,2,1,127.0,17.0,8.0,105,0,59.0,https://tinyhouselistings.com/listings/handcrafted-tiny-guest-house-for-sale-35-000
Cabin in Texas,40000,"Georgetown, Texas, United States",Georgetown,Texas,United States,Cabin,Mobile,Used,2,0,1,20.0,20.0,20.0,106,0,43.0,https://tinyhouselistings.com/listings/cabin-in-texas
Modular Nordic Style Tiny Houses and Studios,9000,"Monterey, Tennessee, United States",Monterey,Tennessee,United States,Tiny House,Mobile,Delivery Available,0,0,0,130.0,16.0,8.0,106,0,272.0,https://tinyhouselistings.com/listings/nordic-and-spruce-custom-tinyhouses-and-studios
"REDUCED! Beautiful New Tiny House, Delivery Available",55000,"Bluffton, Ohio, United States",Bluffton,Ohio,United States,Tiny House,Mobile,New,2,1,1,250.0,20.0,8.5,107,0,366.0,https://tinyhouselistings.com/listings/price-reduced-cozy-and-beautiful-custom-tiny-on-wheels-tiny_house
Affordable 20' Container Home on Wheels for $20k,20000,"Elwood, Utah, United States",Elwood,Utah,United States,Container Home,Mobile,Delivery Available,0,1,1,160.0,20.0,8.0,107,0,110.0,https://tinyhouselistings.com/listings/affordable-20-container-home-on-wheels-for-20k
ECO Container Tiny House (Can be shipped to you),31999,"chicago, Illinois, United States",chicago,Illinois,United States,Container Home,Stationary,New,0,1,1,160.0,,,109,0,106.0,https://tinyhouselistings.com/listings/eco-container-tiny-house-can-be-shipped-to-you
"This quaint, country, songwriters cabin is a wonderful place to live, vacation, seek solitude or play. It offers a little something for everyone.",85000,"Nunnelly, Tennessee, United States",Nunnelly,Tennessee,United States,Cabin,Stationary,Comes With Land,4,2,1,240.0,20.0,12.0,109,0,196.0,https://tinyhouselistings.com/listings/this-quaint-country-songwriters-cabin-is-a-wonderful-place-to-live-vacation-seek-solitude-or-play-it-offers-a-little-something-for-everyone
2004 Ford E-450 7.3L Diesel Engine Tiny House/Mini Bus For Sale!,52000,"Croton on Hudson, New York, United States",Croton on Hudson,New York,United States,Converted Bus,Mobile,Square Feet,2,0,0,125.0,,,110,0,151.0,https://tinyhouselistings.com/listings/2004-ford-e-450-7-3l-diesel-engine-tiny-house-mini-bus-for-sale-converted_bus
Tiny House Frame ready for customization,20000,"DALLAS, Texas, United States",DALLAS,Texas,United States,Tiny House Trailer,Mobile,New,1,1,1,160.0,20.0,8.0,65,0,31.0,https://tinyhouselistings.com/listings/tiny-house-frame-ready-for-customization
"Premium parking in rural Texas, minutes from San Antonio & New Braunfels!!",700,"Marion, Texas, United States",Marion,Texas,United States,Parking,Stationary,Square Feet,0,0,0,10000.0,,,112,0,18.0,https://tinyhouselistings.com/listings/premium-parking-in-rural-texas-minutes-from-san-antonio-new-braunfels
"The New 2021 Ranch House Under $50,000",49875,"Mansfield, Texas, United States",Mansfield,Texas,United States,Tiny House,Mobile,Square Feet,1,0,1,399.0,32.0,15.0,114,0,489.0,https://tinyhouselistings.com/listings/the-new-2021-ranch-house-under-50-000
Duramax Gable Roof Tiny House/Insulated Building 8.5' x 20',7599,"Los Angeles, California, United States",Los Angeles,California,United States,Tiny House,Stationary,New,1,1,1,160.0,20.0,8.5,115,0,39.0,https://tinyhouselistings.com/listings/duramax-gable-roof-tiny-house-insulated-building-8-5-x-20
Mt Bachelor,76995,"Salem, Oregon, United States",Salem,Oregon,United States,Park Model,Mobile,Delivery Available,1,1,1,400.0,43.0,12.0,116,0,222.0,https://tinyhouselistings.com/listings/mt-bachelor-park_model
"Poseidon, Crypto Accepted",120000,"appleton, Wisconsin, United States",appleton,Wisconsin,United States,Tiny House,Mobile,Delivery Available,1,1,1,320.0,42.0,8.5,116,0,227.0,https://tinyhouselistings.com/listings/extremely-energy-efficient-modern-tiny-house
Cute Tiny House Near Downtown Denver,32000,"Lakewood, Colorado, United States",Lakewood,Colorado,United States,Tiny House,Mobile,Used,1,1,1,250.0,20.0,25.0,117,0,19.0,https://tinyhouselistings.com/listings/cute-tiny-house-near-downtown-denver
20’ Mobile Container Home,20000,"Elwood, Utah, United States",Elwood,Utah,United States,Container Home,Mobile,Delivery Available,1,1,1,160.0,20.0,8.0,119,0,106.0,https://tinyhouselistings.com/listings/20-mobile-container-home
Luxurious 35' GooseneckTiny House For Sale! With a kegerator,132500,"Chattanooga, Tennessee, United States",Chattanooga,Tennessee,United States,Tiny House,Mobile,Delivery Available,1,1,1,280.0,35.0,8.5,120,0,358.0,https://tinyhouselistings.com/listings/luxurious-35-goosenecktiny-house-for-sale-with-a-kegerator-tiny_house
Edgewater Office/ADU,28995,"Salem, Oregon, United States",Salem,Oregon,United States,Park Model,Mobile,Delivery Available,1,1,1,264.0,24.0,11.0,121,0,24.0,https://tinyhouselistings.com/listings/edgewater-office-adu
ULTRA HIGH END Eco Tiny Home Featured on Living Big in a Tiny House - Humble Hand Craft,130000,"Ojai, California, United States",Ojai,California,United States,Tiny House,Mobile,Used,1,2,1,290.0,28.0,8.5,101,0,134.0,https://tinyhouselistings.com/listings/ultra-high-end-eco-tiny-home-featured-on-living-big-in-a-tiny-house-humble-hand-craft
Modern Penthouse Micro Unit,22500,"Phoenix, Arizona, United States",Phoenix,Arizona,United States,Container Home,Stationary,New,1,0,1,80.0,10.0,8.0,122,0,46.0,https://tinyhouselistings.com/listings/modern-penthouse-micro-unit-container_home
Nature's Retreat Solid Wood Custom Built Tiny Home 12' x 30' - 1 Bedroom/1 Bathroom,59500,"Albany, Kentucky, United States",Albany,Kentucky,United States,Tiny House,Mobile,New,1,0,1,350.0,30.0,12.0,123,0,82.0,https://tinyhouselistings.com/listings/nature-s-retreat-solid-wood-custom-built-mini-home-12-x-30
All Natural Wood Tiny Home - Tons of Natural Light & Main Floor Bed,79000,"Parker, Colorado, United States",Parker,Colorado,United States,Tiny House,Mobile,Delivery Available,1,0,1,240.0,29.0,8.0,123,0,359.0,https://tinyhouselistings.com/listings/all-natural-wood-tiny-home-tons-of-natural-light-main-floor-bed
The Washougal,78995,"Salem, Oregon, United States",Salem,Oregon,United States,Park Model,Mobile,New,1,1,1,400.0,43.0,12.0,128,0,240.0,https://tinyhouselistings.com/listings/the-washougal
Modern Penthouse Container Home,65000,"Phoenix, Arizona, United States",Phoenix,Arizona,United States,Container Home,Mobile,New,1,0,1,320.0,40.0,8.0,128,0,314.0,https://tinyhouselistings.com/listings/modern-penthouse-container-home
Used tiny house 12X32ft,15000,"Macomb, Oklahoma, United States",Macomb,Oklahoma,United States,Cabin,Stationary,Used,1,2,1,384.0,31.0,1.0,131,0,28.0,https://tinyhouselistings.com/listings/used-tiny-house-12x32ft
Blessed Value,65000,"La Grande, Oregon, United States",La Grande,Oregon,United States,Tiny House,Mobile,New,1,2,1,297.0,35.0,8.5,131,0,381.0,https://tinyhouselistings.com/listings/blessed-value
Stunning 2020 26ft Double Loft RVIA Certified,79999,"Croswell, Michigan, United States",Croswell,Michigan,United States,Tiny House,Mobile,Used,2,2,1,250.0,26.0,9.0,132,0,266.0,https://tinyhouselistings.com/listings/stunning-2020-26ft-double-loft-rvia-certified
"200sqft no permit needed playhouses (cabin / playhouse) with 100sqft - on wood skids, $3/mile delivery.",15000,"Delta, Colorado, United States",Delta,Colorado,United States,Tiny House,Mobile,Delivery Available,1,1,1,200.0,20.0,10.0,133,0,91.0,https://tinyhouselistings.com/listings/10x20ft-no-permit-playhouses-cabins-on-wood-skids-runners-8x20ft-tiny-houses-on-wheels-add-6k-trailer
Fully Off Grid 4x4 Chevy Van,40000,"Oakland, California, United States",Oakland,California,United States,Converted Bus,Mobile,Delivery Available,1,0,1,72.0,20.0,6.0,133,0,62.0,https://tinyhouselistings.com/listings/fully-off-grid-4x4-chevy-van
Beautiful 38' tiny house with main floor sleeping for sale,84800,"Chattanooga, Tennessee, United States",Chattanooga,Tennessee,United States,Tiny House,Mobile,Delivery Available,1,2,1,304.0,38.0,8.5,137,0,111.0,https://tinyhouselistings.com/listings/beautiful-38-tiny-house-with-main-floor-sleeping-for-sale-tiny_house
Affordable Tiny House - Reduced price!,37100,"Chattanooga, Tennessee, United States",Chattanooga,Tennessee,United States,Tiny House,Mobile,Square Feet,1,1,1,200.0,25.0,8.0,137,0,23.0,https://tinyhouselistings.com/listings/affordable-tiny-house-reduced-price-tiny_house-mobile-purchase
Main Floor Sleeping!! Beautiful 32' x 10' tiny house.,135000,"Chattanooga, Tennessee, United States",Chattanooga,Tennessee,United States,Tiny House,Mobile,New,1,1,1,320.0,32.0,10.0,137,0,499.0,https://tinyhouselistings.com/listings/main-floor-sleeping-beautiful-32-x-10-tiny-house-tiny_house
Tiny Is Good,45000,"Mansfield, Texas, United States",Mansfield,Texas,United States,Tiny House,Mobile,New,1,1,1,399.0,40.0,15.0,137,0,353.0,https://tinyhouselistings.com/listings/tiny-is-good-tiny_house
The Outdoorsman Cabin model,72000,"Mansfield, Texas, United States",Mansfield,Texas,United States,Tiny House,Mobile,Delivery Available,1,1,1,400.0,42.0,12.0,137,0,347.0,https://tinyhouselistings.com/listings/the-outdoorsman-cabin-model
The Original ThinHaus,79875,"Phoenix, Arizona, United States",Phoenix,Arizona,United States,Tiny House,Mobile,Delivery Available,2,2,1,240.0,24.0,10.0,138,0,56.0,https://tinyhouselistings.com/listings/the-original-thinhaus-tiny_house
40' Off Grid Container Home In Stock For Sale,75000,"Elwood, Utah, United States",Elwood,Utah,United States,Container Home,Mobile,Delivery Available,2,0,1,320.0,40.0,8.0,140,0,287.0,https://tinyhouselistings.com/listings/40-off-grid-container-home-in-stock-for-sale
12'x34' 1 Bedroom - 1 Bathroom,28399,"Kennesaw, Georgia, United States",Kennesaw,Georgia,United States,Tiny House,Mobile,Delivery Available,1,0,1,399.0,44.0,12.0,141,0,418.0,https://tinyhouselistings.com/listings/12-x34-1-bedroom-1-bathroom
Rustic Off- Grid Tiny Home,35000,"Richmond, Indiana, United States",Richmond,Indiana,United States,Tiny House,Mobile,Used,1,2,1,250.0,20.0,8.0,140,0,53.0,https://tinyhouselistings.com/listings/rustic-off-grid-tiny-home
Tiny Idahomes 24' Clear Creek,58275,"Emmett, Idaho, United States",Emmett,Idaho,United States,Tiny House,Mobile,New,1,1,1,192.0,24.0,8.0,142,0,482.0,https://tinyhouselistings.com/listings/tiny-idahomes-24-clear-creek
34' Utility Trailer Conversion,30000,"Elwood, Utah, United States",Elwood,Utah,United States,Other,Mobile,Delivery Available,2,0,1,272.0,34.0,8.0,143,0,418.0,https://tinyhouselistings.com/listings/34-utility-trailer-conversion
20' Basic Container Home,9985,"Elwood, Utah, United States",Elwood,Utah,United States,Container Home,Stationary,New,1,0,1,160.0,20.0,8.0,144,0,133.0,https://tinyhouselistings.com/listings/20-basic-container-home
Rob's Design Tiny House (Resale),49000,"Campbellfield, Victoria, Australia",Campbellfield,Victoria,Australia,Tiny House,Mobile,Delivery Available,1,1,1,100.0,,,152,0,66.0,https://tinyhouselistings.com/listings/rob-s-design-tiny-house-resale
The Whispers Tiny House (Blue/White) Resale,60000,"Campbellfield, Victoria, Australia",Campbellfield,Victoria,Australia,Tiny House,Mobile,Delivery Available,1,1,1,188.0,,,152,0,212.0,https://tinyhouselistings.com/listings/the-whispers-tiny-house-blue-white-resale
Minimalist Tiny House,78000,"Campbellfield, Victoria, Australia",Campbellfield,Victoria,Australia,Tiny House,Mobile,Delivery Available,1,1,1,130.0,,,152,0,43.0,https://tinyhouselistings.com/listings/minimalist-tiny-house
Reyes Tiny House,75000,"Campbellfield, Victoria, Australia",Campbellfield,Victoria,Australia,Tiny House,Mobile,Delivery Available,1,0,1,130.0,,,152,0,105.0,https://tinyhouselistings.com/listings/reyes-tiny-house
